Date,Deaths,Infected,Location,Recovered ,_id
2020-01-21T18:30:00.000Z,16,198,Anhui,29,621c81799357ab95bbeccae3
2020-01-21T18:30:00.000Z,10,77,Beijing,35,621c81799357ab95bbeccae4
2020-01-21T18:30:00.000Z,9,70,Chongqing,20,621c81799357ab95bbeccae5
2020-01-21T18:30:00.000Z,34,4,Fujian,70,621c81799357ab95bbeccae6
2020-01-21T18:30:00.000Z,44,29,Gansu,11,621c81799357ab95bbeccae7
2020-01-21T18:30:00.000Z,34,67,Guangdong,59,621c81799357ab95bbeccae8
2020-01-21T18:30:00.000Z,24,186,Guangxi,34,621c81799357ab95bbeccae9
2020-01-21T18:30:00.000Z,38,102,Guizhou,38,621c81799357ab95bbeccaea
2020-01-21T18:30:00.000Z,8,101,Hainan,48,621c81799357ab95bbeccaeb
2020-01-21T18:30:00.000Z,41,186,Hebei,31,621c81799357ab95bbeccaec
2020-01-21T18:30:00.000Z,16,103,Heilongjiang,18,621c81799357ab95bbeccaed
2020-01-21T18:30:00.000Z,6,192,Henan,22,621c81799357ab95bbeccaee
2020-01-21T18:30:00.000Z,16,109,Hubei,45,621c81799357ab95bbeccaef
2020-01-21T18:30:00.000Z,36,13,Hunan,53,621c81799357ab95bbeccaf0
2020-01-21T18:30:00.000Z,29,155,Inner Mongolia,65,621c81799357ab95bbeccaf1
2020-01-21T18:30:00.000Z,7,23,Jiangsu,6,621c81799357ab95bbeccaf2
2020-01-21T18:30:00.000Z,49,172,Jiangxi,39,621c81799357ab95bbeccaf3
2020-01-21T18:30:00.000Z,17,99,Jilin,57,621c81799357ab95bbeccaf4
2020-01-21T18:30:00.000Z,31,134,Liaoning,29,621c81799357ab95bbeccaf5
2020-01-21T18:30:00.000Z,24,139,Ningxia,48,621c81799357ab95bbeccaf6
2020-01-21T18:30:00.000Z,45,79,Qinghai,28,621c81799357ab95bbeccaf7
2020-01-21T18:30:00.000Z,40,81,Shaanxi,60,621c81799357ab95bbeccaf8
2020-01-21T18:30:00.000Z,40,110,Shandong,58,621c81799357ab95bbeccaf9
2020-01-21T18:30:00.000Z,49,144,Shanghai,35,621c81799357ab95bbeccafa
2020-01-21T18:30:00.000Z,23,71,Shanxi,44,621c81799357ab95bbeccafb
2020-01-21T18:30:00.000Z,34,179,Sichuan,4,621c81799357ab95bbeccafc
2020-01-21T18:30:00.000Z,30,101,Anhui,32,621c81799357ab95bbeccafd
2020-01-21T18:30:00.000Z,23,75,Beijing,39,621c81799357ab95bbeccafe
2020-01-21T18:30:00.000Z,30,168,Chongqing,66,621c81799357ab95bbeccaff
2020-01-21T18:30:00.000Z,2,174,Fujian,46,621c81799357ab95bbeccb00
2020-01-21T18:30:00.000Z,25,156,Gansu,67,621c81799357ab95bbeccb01
2020-01-21T18:30:00.000Z,34,151,Guangdong,33,621c81799357ab95bbeccb02
2020-01-21T18:30:00.000Z,6,100,Guangxi,66,621c81799357ab95bbeccb03
2020-01-21T18:30:00.000Z,48,138,Guizhou,65,621c81799357ab95bbeccb04
2020-01-21T18:30:00.000Z,23,99,Hainan,19,621c81799357ab95bbeccb05
2020-01-21T18:30:00.000Z,6,168,Hebei,4,621c81799357ab95bbeccb06
2020-01-21T18:30:00.000Z,24,29,Heilongjiang,53,621c81799357ab95bbeccb07
2020-01-22T18:30:00.000Z,27,16,Henan,21,621c81799357ab95bbeccb08
2020-01-22T18:30:00.000Z,15,186,Hubei,1,621c81799357ab95bbeccb09
2020-01-22T18:30:00.000Z,44,71,Guangdong,62,621c81799357ab95bbeccb0a
2020-01-22T18:30:00.000Z,47,90,Zhejiang,3,621c81799357ab95bbeccb0b
2020-01-22T18:30:00.000Z,7,176,Beijing,69,621c81799357ab95bbeccb0c
2020-01-22T18:30:00.000Z,35,102,Chongqing,23,621c81799357ab95bbeccb0d
2020-01-22T18:30:00.000Z,8,161,Hunan,25,621c81799357ab95bbeccb0e
2020-01-22T18:30:00.000Z,27,196,Guangxi,55,621c81799357ab95bbeccb0f
2020-01-22T18:30:00.000Z,42,59,Shanghai,51,621c81799357ab95bbeccb10
2020-01-22T18:30:00.000Z,20,192,Jiangxi,17,621c81799357ab95bbeccb11
2020-01-22T18:30:00.000Z,47,139,Sichuan,26,621c81799357ab95bbeccb12
2020-01-22T18:30:00.000Z,38,109,Shandong,52,621c81799357ab95bbeccb13
2020-01-22T18:30:00.000Z,23,193,Anhui,6,621c81799357ab95bbeccb14
2020-01-22T18:30:00.000Z,5,194,Fujian,38,621c81799357ab95bbeccb15
2020-01-22T18:30:00.000Z,38,64,Henan,15,621c81799357ab95bbeccb16
2020-01-22T18:30:00.000Z,30,119,Jiangsu,3,621c81799357ab95bbeccb17
2020-01-22T18:30:00.000Z,44,49,Hainan,24,621c81799357ab95bbeccb18
2020-01-22T18:30:00.000Z,32,99,Tianjin,2,621c81799357ab95bbeccb19
2020-01-22T18:30:00.000Z,49,153,Yunnan,2,621c81799357ab95bbeccb1a
2020-01-22T18:30:00.000Z,36,109,Shaanxi,57,621c81799357ab95bbeccb1b
2020-01-22T18:30:00.000Z,38,70,Heilongjiang,1,621c81799357ab95bbeccb1c
2020-01-22T18:30:00.000Z,26,171,Liaoning,74,621c81799357ab95bbeccb1d
2020-01-22T18:30:00.000Z,33,128,Guizhou,11,621c81799357ab95bbeccb1e
2020-01-22T18:30:00.000Z,46,152,Jilin,24,621c81799357ab95bbeccb1f
2020-01-22T18:30:00.000Z,31,108,Anhui,42,621c81799357ab95bbeccb20
2020-01-22T18:30:00.000Z,34,22,Beijing,9,621c81799357ab95bbeccb21
2020-01-22T18:30:00.000Z,25,88,Chongqing,28,621c81799357ab95bbeccb22
2020-01-22T18:30:00.000Z,43,8,Fujian,42,621c81799357ab95bbeccb23
2020-01-22T18:30:00.000Z,43,113,Gansu,4,621c81799357ab95bbeccb24
2020-01-22T18:30:00.000Z,31,89,Guangdong,37,621c81799357ab95bbeccb25
2020-01-22T18:30:00.000Z,40,127,Guangxi,3,621c81799357ab95bbeccb26
2020-01-22T18:30:00.000Z,9,132,Guizhou,36,621c81799357ab95bbeccb27
2020-01-22T18:30:00.000Z,8,154,Hainan,10,621c81799357ab95bbeccb28
2020-01-22T18:30:00.000Z,45,157,Hebei,45,621c81799357ab95bbeccb29
2020-01-22T18:30:00.000Z,49,109,Heilongjiang,28,621c81799357ab95bbeccb2a
2020-01-22T18:30:00.000Z,43,50,Henan,65,621c81799357ab95bbeccb2b
2020-01-22T18:30:00.000Z,21,27,Hubei,22,621c81799357ab95bbeccb2c
2020-01-22T18:30:00.000Z,21,178,Hunan,12,621c81799357ab95bbeccb2d
2020-01-22T18:30:00.000Z,19,182,Inner Mongolia,13,621c81799357ab95bbeccb2e
2020-01-22T18:30:00.000Z,44,13,Jiangsu,6,621c81799357ab95bbeccb2f
2020-01-22T18:30:00.000Z,27,41,Jiangxi,42,621c81799357ab95bbeccb30
2020-01-22T18:30:00.000Z,26,56,Jilin,62,621c81799357ab95bbeccb31
2020-01-22T18:30:00.000Z,14,22,Liaoning,20,621c81799357ab95bbeccb32
2020-01-22T18:30:00.000Z,5,41,Ningxia,35,621c81799357ab95bbeccb33
2020-01-22T18:30:00.000Z,28,61,Qinghai,25,621c81799357ab95bbeccb34
2020-01-22T18:30:00.000Z,34,34,Shaanxi,14,621c81799357ab95bbeccb35
2020-01-23T18:30:00.000Z,37,198,Shandong,73,621c81799357ab95bbeccb36
2020-01-23T18:30:00.000Z,39,126,Shanghai,71,621c81799357ab95bbeccb37
2020-01-23T18:30:00.000Z,13,111,Shanxi,20,621c81799357ab95bbeccb38
2020-01-23T18:30:00.000Z,21,67,Sichuan,49,621c81799357ab95bbeccb39
2020-01-23T18:30:00.000Z,47,60,Anhui,8,621c81799357ab95bbeccb3a
2020-01-23T18:30:00.000Z,50,156,Beijing,49,621c81799357ab95bbeccb3b
2020-01-23T18:30:00.000Z,1,170,Chongqing,37,621c81799357ab95bbeccb3c
2020-01-23T18:30:00.000Z,4,8,Fujian,34,621c81799357ab95bbeccb3d
2020-01-23T18:30:00.000Z,21,89,Gansu,6,621c81799357ab95bbeccb3e
2020-01-23T18:30:00.000Z,45,15,Guangdong,39,621c81799357ab95bbeccb3f
2020-01-23T18:30:00.000Z,21,5,Guangxi,6,621c81799357ab95bbeccb40
2020-01-23T18:30:00.000Z,2,199,Guizhou,63,621c81799357ab95bbeccb41
2020-01-23T18:30:00.000Z,2,177,Hainan,21,621c81799357ab95bbeccb42
2020-01-23T18:30:00.000Z,35,34,Hebei,27,621c81799357ab95bbeccb43
2020-01-23T18:30:00.000Z,37,53,Heilongjiang,2,621c81799357ab95bbeccb44
2020-01-23T18:30:00.000Z,21,172,Henan,19,621c81799357ab95bbeccb45
2020-01-23T18:30:00.000Z,44,45,Hubei,22,621c81799357ab95bbeccb46
2020-01-23T18:30:00.000Z,15,139,Guangdong,21,621c81799357ab95bbeccb47
2020-01-23T18:30:00.000Z,49,72,Zhejiang,69,621c81799357ab95bbeccb48
2020-01-23T18:30:00.000Z,27,68,Beijing,45,621c81799357ab95bbeccb49
2020-01-23T18:30:00.000Z,8,28,Chongqing,61,621c81799357ab95bbeccb4a
2020-01-23T18:30:00.000Z,9,180,Hunan,52,621c81799357ab95bbeccb4b
2020-01-23T18:30:00.000Z,43,2,Guangxi,61,621c81799357ab95bbeccb4c
2020-01-23T18:30:00.000Z,46,155,Shanghai,3,621c81799357ab95bbeccb4d
2020-01-23T18:30:00.000Z,31,9,Jiangxi,32,621c81799357ab95bbeccb4e
2020-01-23T18:30:00.000Z,21,120,Sichuan,36,621c81799357ab95bbeccb4f
2020-01-23T18:30:00.000Z,18,189,Shandong,24,621c81799357ab95bbeccb50
2020-01-23T18:30:00.000Z,41,179,Anhui,13,621c81799357ab95bbeccb51
2020-01-23T18:30:00.000Z,40,79,Fujian,70,621c81799357ab95bbeccb52
2020-01-23T18:30:00.000Z,21,88,Henan,44,621c81799357ab95bbeccb53
2020-01-23T18:30:00.000Z,47,185,Jiangsu,33,621c81799357ab95bbeccb54
2020-01-23T18:30:00.000Z,7,184,Hainan,70,621c81799357ab95bbeccb55
2020-01-23T18:30:00.000Z,42,27,Tianjin,59,621c81799357ab95bbeccb56
2020-01-23T18:30:00.000Z,29,78,Yunnan,34,621c81799357ab95bbeccb57
2020-01-23T18:30:00.000Z,4,178,Shaanxi,50,621c81799357ab95bbeccb58
2020-01-23T18:30:00.000Z,34,143,Heilongjiang,34,621c81799357ab95bbeccb59
2020-01-23T18:30:00.000Z,19,30,Liaoning,61,621c81799357ab95bbeccb5a
2020-01-23T18:30:00.000Z,49,121,Guizhou,17,621c81799357ab95bbeccb5b
2020-01-23T18:30:00.000Z,2,43,Jilin,37,621c81799357ab95bbeccb5c
2020-01-23T18:30:00.000Z,47,141,Anhui,19,621c81799357ab95bbeccb5d
2020-01-23T18:30:00.000Z,33,102,Beijing,58,621c81799357ab95bbeccb5e
2020-01-24T18:30:00.000Z,49,54,Chongqing,50,621c81799357ab95bbeccb5f
2020-01-24T18:30:00.000Z,33,59,Fujian,40,621c81799357ab95bbeccb60
2020-01-24T18:30:00.000Z,5,61,Gansu,4,621c81799357ab95bbeccb61
2020-01-24T18:30:00.000Z,20,52,Guangdong,39,621c81799357ab95bbeccb62
2020-01-24T18:30:00.000Z,49,55,Guangxi,8,621c81799357ab95bbeccb63
2020-01-24T18:30:00.000Z,25,92,Guizhou,27,621c81799357ab95bbeccb64
2020-01-24T18:30:00.000Z,45,182,Hainan,11,621c81799357ab95bbeccb65
2020-01-24T18:30:00.000Z,30,192,Hebei,45,621c81799357ab95bbeccb66
2020-01-24T18:30:00.000Z,23,77,Heilongjiang,3,621c81799357ab95bbeccb67
2020-01-24T18:30:00.000Z,20,185,Henan,4,621c81799357ab95bbeccb68
2020-01-24T18:30:00.000Z,18,24,Hubei,12,621c81799357ab95bbeccb69
2020-01-24T18:30:00.000Z,12,122,Hunan,50,621c81799357ab95bbeccb6a
2020-01-24T18:30:00.000Z,4,170,Inner Mongolia,51,621c81799357ab95bbeccb6b
2020-01-24T18:30:00.000Z,17,37,Jiangsu,59,621c81799357ab95bbeccb6c
2020-01-24T18:30:00.000Z,35,170,Jiangxi,1,621c81799357ab95bbeccb6d
2020-01-24T18:30:00.000Z,43,6,Jilin,41,621c81799357ab95bbeccb6e
2020-01-24T18:30:00.000Z,4,76,Liaoning,74,621c81799357ab95bbeccb6f
2020-01-24T18:30:00.000Z,43,162,Ningxia,55,621c81799357ab95bbeccb70
2020-01-24T18:30:00.000Z,39,15,Qinghai,41,621c81799357ab95bbeccb71
2020-01-24T18:30:00.000Z,39,192,Shaanxi,67,621c81799357ab95bbeccb72
2020-01-24T18:30:00.000Z,2,194,Shandong,52,621c81799357ab95bbeccb73
2020-01-24T18:30:00.000Z,40,94,Shanghai,44,621c81799357ab95bbeccb74
2020-01-24T18:30:00.000Z,0,118,Shanxi,54,621c81799357ab95bbeccb75
2020-01-24T18:30:00.000Z,40,174,Sichuan,43,621c81799357ab95bbeccb76
2020-01-24T18:30:00.000Z,18,70,Anhui,71,621c81799357ab95bbeccb77
2020-01-24T18:30:00.000Z,0,182,Beijing,71,621c81799357ab95bbeccb78
2020-01-24T18:30:00.000Z,35,85,Chongqing,12,621c81799357ab95bbeccb79
2020-01-24T18:30:00.000Z,3,122,Fujian,52,621c81799357ab95bbeccb7a
2020-01-24T18:30:00.000Z,43,35,Gansu,43,621c81799357ab95bbeccb7b
2020-01-24T18:30:00.000Z,15,110,Guangdong,39,621c81799357ab95bbeccb7c
2020-01-24T18:30:00.000Z,28,29,Guangxi,60,621c81799357ab95bbeccb7d
2020-01-24T18:30:00.000Z,15,67,Guizhou,72,621c81799357ab95bbeccb7e
2020-01-24T18:30:00.000Z,36,104,Hainan,31,621c81799357ab95bbeccb7f
2020-01-24T18:30:00.000Z,39,103,Hebei,25,621c81799357ab95bbeccb80
2020-01-24T18:30:00.000Z,20,8,Heilongjiang,39,621c81799357ab95bbeccb81
2020-01-24T18:30:00.000Z,24,186,Henan,12,621c81799357ab95bbeccb82
2020-01-24T18:30:00.000Z,30,161,Hubei,65,621c81799357ab95bbeccb83
2020-01-24T18:30:00.000Z,22,86,Guangdong,68,621c81799357ab95bbeccb84
2020-01-24T18:30:00.000Z,8,123,Zhejiang,14,621c81799357ab95bbeccb85
2020-01-24T18:30:00.000Z,32,167,Beijing,32,621c81799357ab95bbeccb86
2020-01-24T18:30:00.000Z,2,190,Chongqing,38,621c81799357ab95bbeccb87
2020-01-24T18:30:00.000Z,22,171,Hunan,29,621c81799357ab95bbeccb88
2020-01-24T18:30:00.000Z,43,102,Guangxi,2,621c81799357ab95bbeccb89
2020-01-24T18:30:00.000Z,43,72,Shanghai,41,621c81799357ab95bbeccb8a
2020-01-25T18:30:00.000Z,27,156,Jiangxi,71,621c81799357ab95bbeccb8b
2020-01-25T18:30:00.000Z,9,26,Sichuan,4,621c81799357ab95bbeccb8c
2020-01-25T18:30:00.000Z,26,97,Shandong,19,621c81799357ab95bbeccb8d
2020-01-25T18:30:00.000Z,2,31,Anhui,38,621c81799357ab95bbeccb8e
2020-01-25T18:30:00.000Z,49,118,Fujian,7,621c81799357ab95bbeccb8f
2020-01-25T18:30:00.000Z,9,80,Henan,52,621c81799357ab95bbeccb90
2020-01-25T18:30:00.000Z,23,23,Jiangsu,13,621c81799357ab95bbeccb91
2020-01-25T18:30:00.000Z,49,118,Hainan,25,621c81799357ab95bbeccb92
2020-01-25T18:30:00.000Z,47,137,Tianjin,65,621c81799357ab95bbeccb93
2020-01-25T18:30:00.000Z,28,153,Yunnan,30,621c81799357ab95bbeccb94
2020-01-25T18:30:00.000Z,12,69,Shaanxi,46,621c81799357ab95bbeccb95
2020-01-25T18:30:00.000Z,30,6,Heilongjiang,38,621c81799357ab95bbeccb96
2020-01-25T18:30:00.000Z,43,166,Liaoning,14,621c81799357ab95bbeccb97
2020-01-25T18:30:00.000Z,8,31,Guizhou,1,621c81799357ab95bbeccb98
2020-01-25T18:30:00.000Z,46,122,Jilin,38,621c81799357ab95bbeccb99
2020-01-25T18:30:00.000Z,1,100,Anhui,45,621c81799357ab95bbeccb9a
2020-01-25T18:30:00.000Z,4,23,Beijing,7,621c81799357ab95bbeccb9b
2020-01-25T18:30:00.000Z,14,180,Chongqing,13,621c81799357ab95bbeccb9c
2020-01-25T18:30:00.000Z,42,117,Fujian,67,621c81799357ab95bbeccb9d
2020-01-25T18:30:00.000Z,23,92,Gansu,21,621c81799357ab95bbeccb9e
2020-01-25T18:30:00.000Z,1,5,Guangdong,63,621c81799357ab95bbeccb9f
2020-01-25T18:30:00.000Z,23,34,Guangxi,7,621c81799357ab95bbeccba0
2020-01-25T18:30:00.000Z,7,161,Guizhou,57,621c81799357ab95bbeccba1
2020-01-25T18:30:00.000Z,40,7,Hainan,4,621c81799357ab95bbeccba2
2020-01-25T18:30:00.000Z,34,14,Hebei,14,621c81799357ab95bbeccba3
2020-01-25T18:30:00.000Z,50,42,Heilongjiang,45,621c81799357ab95bbeccba4
2020-01-25T18:30:00.000Z,9,68,Henan,47,621c81799357ab95bbeccba5
2020-01-25T18:30:00.000Z,21,160,Hubei,16,621c81799357ab95bbeccba6
2020-01-25T18:30:00.000Z,48,97,Hunan,60,621c81799357ab95bbeccba7
2020-01-25T18:30:00.000Z,44,46,Inner Mongolia,68,621c81799357ab95bbeccba8
2020-01-25T18:30:00.000Z,40,191,Jiangsu,64,621c81799357ab95bbeccba9
2020-01-25T18:30:00.000Z,15,171,Jiangxi,16,621c81799357ab95bbeccbaa
2020-01-25T18:30:00.000Z,32,30,Jilin,52,621c81799357ab95bbeccbab
2020-01-25T18:30:00.000Z,2,164,Liaoning,6,621c81799357ab95bbeccbac
2020-01-25T18:30:00.000Z,25,107,Ningxia,75,621c81799357ab95bbeccbad
2020-01-25T18:30:00.000Z,19,192,Qinghai,51,621c81799357ab95bbeccbae
2020-01-25T18:30:00.000Z,43,146,Shaanxi,47,621c81799357ab95bbeccbaf
2020-01-25T18:30:00.000Z,39,169,Shandong,8,621c81799357ab95bbeccbb0
2020-01-25T18:30:00.000Z,20,189,Shanghai,42,621c81799357ab95bbeccbb1
2020-01-25T18:30:00.000Z,29,118,Shanxi,38,621c81799357ab95bbeccbb2
2020-01-25T18:30:00.000Z,28,185,Sichuan,15,621c81799357ab95bbeccbb3
2020-01-25T18:30:00.000Z,45,48,Anhui,3,621c81799357ab95bbeccbb4
2020-01-25T18:30:00.000Z,26,185,Beijing,15,621c81799357ab95bbeccbb5
2020-01-25T18:30:00.000Z,24,90,Chongqing,45,621c81799357ab95bbeccbb6
2020-01-25T18:30:00.000Z,38,142,Fujian,38,621c81799357ab95bbeccbb7
2020-01-25T18:30:00.000Z,38,8,Gansu,10,621c81799357ab95bbeccbb8
2020-01-25T18:30:00.000Z,49,76,Guangdong,53,621c81799357ab95bbeccbb9
2020-01-26T18:30:00.000Z,20,194,Guangxi,54,621c81799357ab95bbeccbba
2020-01-26T18:30:00.000Z,44,59,Guizhou,15,621c81799357ab95bbeccbbb
2020-01-26T18:30:00.000Z,1,11,Hainan,19,621c81799357ab95bbeccbbc
2020-01-26T18:30:00.000Z,28,10,Hebei,36,621c81799357ab95bbeccbbd
2020-01-26T18:30:00.000Z,33,197,Heilongjiang,31,621c81799357ab95bbeccbbe
2020-01-26T18:30:00.000Z,19,45,Henan,66,621c81799357ab95bbeccbbf
2020-01-26T18:30:00.000Z,31,146,Hubei,57,621c81799357ab95bbeccbc0
2020-01-26T18:30:00.000Z,11,152,Guangdong,12,621c81799357ab95bbeccbc1
2020-01-26T18:30:00.000Z,28,139,Zhejiang,57,621c81799357ab95bbeccbc2
2020-01-26T18:30:00.000Z,14,131,Beijing,65,621c81799357ab95bbeccbc3
2020-01-26T18:30:00.000Z,26,134,Chongqing,69,621c81799357ab95bbeccbc4
2020-01-26T18:30:00.000Z,22,163,Hunan,53,621c81799357ab95bbeccbc5
2020-01-26T18:30:00.000Z,37,140,Guangxi,32,621c81799357ab95bbeccbc6
2020-01-26T18:30:00.000Z,29,192,Shanghai,67,621c81799357ab95bbeccbc7
2020-01-26T18:30:00.000Z,37,134,Jiangxi,34,621c81799357ab95bbeccbc8
2020-01-26T18:30:00.000Z,6,86,Sichuan,58,621c81799357ab95bbeccbc9
2020-01-26T18:30:00.000Z,44,132,Shandong,4,621c81799357ab95bbeccbca
2020-01-26T18:30:00.000Z,12,117,Anhui,63,621c81799357ab95bbeccbcb
2020-01-26T18:30:00.000Z,39,182,Fujian,0,621c81799357ab95bbeccbcc
2020-01-26T18:30:00.000Z,4,102,Henan,12,621c81799357ab95bbeccbcd
2020-01-26T18:30:00.000Z,22,110,Jiangsu,40,621c81799357ab95bbeccbce
2020-01-26T18:30:00.000Z,37,89,Hainan,2,621c81799357ab95bbeccbcf
2020-01-26T18:30:00.000Z,1,9,Tianjin,34,621c81799357ab95bbeccbd0
2020-01-26T18:30:00.000Z,23,82,Yunnan,10,621c81799357ab95bbeccbd1
2020-01-26T18:30:00.000Z,47,152,Shaanxi,41,621c81799357ab95bbeccbd2
2020-01-26T18:30:00.000Z,25,97,Heilongjiang,14,621c81799357ab95bbeccbd3
2020-01-26T18:30:00.000Z,12,166,Liaoning,60,621c81799357ab95bbeccbd4
2020-01-26T18:30:00.000Z,39,65,Guizhou,46,621c81799357ab95bbeccbd5
2020-01-26T18:30:00.000Z,45,94,Jilin,49,621c81799357ab95bbeccbd6
2020-01-26T18:30:00.000Z,15,131,Shanghai,49,621c81799357ab95bbeccbd7
2020-01-26T18:30:00.000Z,10,198,Henan,31,621c81799357ab95bbeccbd8
2020-01-26T18:30:00.000Z,4,194,Sichuan,33,621c81799357ab95bbeccbd9
2020-01-26T18:30:00.000Z,33,16,Shandong,4,621c81799357ab95bbeccbda
2020-01-26T18:30:00.000Z,19,188,Guangxi,44,621c81799357ab95bbeccbdb
2020-01-26T18:30:00.000Z,29,11,Hainan,75,621c81799357ab95bbeccbdc
2020-01-26T18:30:00.000Z,6,65,Jiangxi,49,621c81799357ab95bbeccbdd
2020-01-26T18:30:00.000Z,31,91,Fujian,68,621c81799357ab95bbeccbde
2020-01-26T18:30:00.000Z,24,152,Jiangsu,13,621c81799357ab95bbeccbdf
2020-01-26T18:30:00.000Z,20,134,Liaoning,56,621c81799357ab95bbeccbe0
2020-01-26T18:30:00.000Z,10,5,Shaanxi,47,621c81799357ab95bbeccbe1
2020-01-26T18:30:00.000Z,31,102,Yunnan,11,621c81799357ab95bbeccbe2
2020-01-26T18:30:00.000Z,33,45,Tianjin,22,621c81799357ab95bbeccbe3
2020-01-26T18:30:00.000Z,35,199,Heilongjiang,18,621c81799357ab95bbeccbe4
2020-01-26T18:30:00.000Z,40,47,Hebei,31,621c81799357ab95bbeccbe5
2020-01-26T18:30:00.000Z,13,139,Inner Mongolia,29,621c81799357ab95bbeccbe6
2020-01-26T18:30:00.000Z,24,12,Shanxi,36,621c81799357ab95bbeccbe7
2020-01-26T18:30:00.000Z,3,176,Shanghai,61,621c81799357ab95bbeccbe8
2020-01-26T18:30:00.000Z,36,57,Henan,17,621c81799357ab95bbeccbe9
2020-01-26T18:30:00.000Z,34,68,Sichuan,45,621c81799357ab95bbeccbea
2020-01-26T18:30:00.000Z,49,117,Shandong,63,621c81799357ab95bbeccbeb
2020-01-26T18:30:00.000Z,29,186,Guangxi,56,621c81799357ab95bbeccbec
2020-01-27T18:30:00.000Z,30,60,Hainan,70,621c81799357ab95bbeccbed
2020-01-27T18:30:00.000Z,30,23,Jiangxi,58,621c81799357ab95bbeccbee
2020-01-27T18:30:00.000Z,36,185,Fujian,39,621c81799357ab95bbeccbef
2020-01-27T18:30:00.000Z,22,179,Jiangsu,39,621c81799357ab95bbeccbf0
2020-01-27T18:30:00.000Z,25,182,Liaoning,44,621c81799357ab95bbeccbf1
2020-01-27T18:30:00.000Z,31,99,Shaanxi,7,621c81799357ab95bbeccbf2
2020-01-27T18:30:00.000Z,41,102,Yunnan,26,621c81799357ab95bbeccbf3
2020-01-27T18:30:00.000Z,7,59,Tianjin,38,621c81799357ab95bbeccbf4
2020-01-27T18:30:00.000Z,45,131,Heilongjiang,9,621c81799357ab95bbeccbf5
2020-01-27T18:30:00.000Z,26,194,Hebei,22,621c81799357ab95bbeccbf6
2020-01-27T18:30:00.000Z,48,32,Inner Mongolia,63,621c81799357ab95bbeccbf7
2020-01-27T18:30:00.000Z,39,145,Shanxi,49,621c81799357ab95bbeccbf8
2020-01-27T18:30:00.000Z,27,125,Anhui,12,621c81799357ab95bbeccbf9
2020-01-27T18:30:00.000Z,14,152,Beijing,44,621c81799357ab95bbeccbfa
2020-01-27T18:30:00.000Z,2,137,Chongqing,42,621c81799357ab95bbeccbfb
2020-01-27T18:30:00.000Z,36,98,Fujian,51,621c81799357ab95bbeccbfc
2020-01-27T18:30:00.000Z,18,112,Gansu,53,621c81799357ab95bbeccbfd
2020-01-27T18:30:00.000Z,4,45,Guangdong,40,621c81799357ab95bbeccbfe
2020-01-27T18:30:00.000Z,5,132,Guangxi,69,621c81799357ab95bbeccbff
2020-01-27T18:30:00.000Z,30,89,Guizhou,20,621c81799357ab95bbeccc00
2020-01-27T18:30:00.000Z,28,78,Hainan,28,621c81799357ab95bbeccc01
2020-01-27T18:30:00.000Z,11,4,Hebei,48,621c81799357ab95bbeccc02
2020-01-27T18:30:00.000Z,48,43,Heilongjiang,35,621c81799357ab95bbeccc03
2020-01-27T18:30:00.000Z,21,168,Henan,11,621c81799357ab95bbeccc04
2020-01-27T18:30:00.000Z,19,4,Hubei,32,621c81799357ab95bbeccc05
2020-01-27T18:30:00.000Z,4,187,Hunan,48,621c81799357ab95bbeccc06
2020-01-27T18:30:00.000Z,37,34,Inner Mongolia,4,621c81799357ab95bbeccc07
2020-01-27T18:30:00.000Z,31,86,Jiangsu,32,621c81799357ab95bbeccc08
2020-01-27T18:30:00.000Z,36,36,Jiangxi,10,621c81799357ab95bbeccc09
2020-01-27T18:30:00.000Z,42,107,Jilin,70,621c81799357ab95bbeccc0a
2020-01-27T18:30:00.000Z,49,69,Liaoning,72,621c81799357ab95bbeccc0b
2020-01-27T18:30:00.000Z,19,48,Ningxia,32,621c81799357ab95bbeccc0c
2020-01-27T18:30:00.000Z,7,110,Qinghai,42,621c81799357ab95bbeccc0d
2020-01-27T18:30:00.000Z,25,77,Shaanxi,69,621c81799357ab95bbeccc0e
2020-01-27T18:30:00.000Z,8,137,Shandong,42,621c81799357ab95bbeccc0f
2020-01-27T18:30:00.000Z,36,189,Shanghai,24,621c81799357ab95bbeccc10
2020-01-27T18:30:00.000Z,31,169,Shanxi,22,621c81799357ab95bbeccc11
2020-01-27T18:30:00.000Z,9,22,Sichuan,57,621c81799357ab95bbeccc12
2020-01-27T18:30:00.000Z,31,143,Anhui,63,621c81799357ab95bbeccc13
2020-01-27T18:30:00.000Z,35,129,Beijing,59,621c81799357ab95bbeccc14
2020-01-27T18:30:00.000Z,3,137,Chongqing,46,621c81799357ab95bbeccc15
2020-01-27T18:30:00.000Z,42,176,Fujian,42,621c81799357ab95bbeccc16
2020-01-27T18:30:00.000Z,16,28,Gansu,21,621c81799357ab95bbeccc17
2020-01-27T18:30:00.000Z,13,155,Guangdong,47,621c81799357ab95bbeccc18
2020-01-27T18:30:00.000Z,36,12,Guangxi,3,621c81799357ab95bbeccc19
2020-01-27T18:30:00.000Z,1,184,Guizhou,25,621c81799357ab95bbeccc1a
2020-01-27T18:30:00.000Z,36,4,Hainan,15,621c81799357ab95bbeccc1b
2020-01-27T18:30:00.000Z,10,4,Hebei,7,621c81799357ab95bbeccc1c
2020-01-27T18:30:00.000Z,42,46,Heilongjiang,70,621c81799357ab95bbeccc1d
2020-01-27T18:30:00.000Z,36,187,Henan,37,621c81799357ab95bbeccc1e
2020-01-27T18:30:00.000Z,4,65,Hubei,24,621c81799357ab95bbeccc1f
2020-01-27T18:30:00.000Z,41,20,Guangdong,66,621c81799357ab95bbeccc20
2020-01-28T18:30:00.000Z,28,6,Zhejiang,63,621c81799357ab95bbeccc21
2020-01-28T18:30:00.000Z,46,192,Beijing,20,621c81799357ab95bbeccc22
2020-01-28T18:30:00.000Z,9,88,Chongqing,66,621c81799357ab95bbeccc23
2020-01-28T18:30:00.000Z,5,36,Hunan,4,621c81799357ab95bbeccc24
2020-01-28T18:30:00.000Z,13,59,Guangxi,25,621c81799357ab95bbeccc25
2020-01-28T18:30:00.000Z,38,69,Shanghai,55,621c81799357ab95bbeccc26
2020-01-28T18:30:00.000Z,49,164,Jiangxi,15,621c81799357ab95bbeccc27
2020-01-28T18:30:00.000Z,40,104,Sichuan,34,621c81799357ab95bbeccc28
2020-01-28T18:30:00.000Z,37,178,Shandong,14,621c81799357ab95bbeccc29
2020-01-28T18:30:00.000Z,7,33,Anhui,20,621c81799357ab95bbeccc2a
2020-01-28T18:30:00.000Z,49,116,Fujian,52,621c81799357ab95bbeccc2b
2020-01-28T18:30:00.000Z,19,3,Henan,34,621c81799357ab95bbeccc2c
2020-01-28T18:30:00.000Z,37,77,Jiangsu,56,621c81799357ab95bbeccc2d
2020-01-28T18:30:00.000Z,42,57,Hainan,29,621c81799357ab95bbeccc2e
2020-01-28T18:30:00.000Z,42,18,Tianjin,49,621c81799357ab95bbeccc2f
2020-01-28T18:30:00.000Z,47,11,Yunnan,48,621c81799357ab95bbeccc30
2020-01-28T18:30:00.000Z,23,64,Shaanxi,69,621c81799357ab95bbeccc31
2020-01-28T18:30:00.000Z,25,101,Heilongjiang,67,621c81799357ab95bbeccc32
2020-01-28T18:30:00.000Z,4,174,Liaoning,36,621c81799357ab95bbeccc33
2020-01-28T18:30:00.000Z,34,79,Guizhou,56,621c81799357ab95bbeccc34
2020-01-28T18:30:00.000Z,34,168,Jilin,27,621c81799357ab95bbeccc35
2020-01-28T18:30:00.000Z,31,132,Anhui,26,621c81799357ab95bbeccc36
2020-01-28T18:30:00.000Z,20,27,Beijing,23,621c81799357ab95bbeccc37
2020-01-28T18:30:00.000Z,10,54,Chongqing,39,621c81799357ab95bbeccc38
2020-01-28T18:30:00.000Z,10,33,Fujian,62,621c81799357ab95bbeccc39
2020-01-28T18:30:00.000Z,46,155,Gansu,4,621c81799357ab95bbeccc3a
2020-01-28T18:30:00.000Z,32,5,Guangdong,40,621c81799357ab95bbeccc3b
2020-01-28T18:30:00.000Z,4,110,Guangxi,35,621c81799357ab95bbeccc3c
2020-01-28T18:30:00.000Z,33,61,Guizhou,67,621c81799357ab95bbeccc3d
2020-01-28T18:30:00.000Z,36,58,Hainan,14,621c81799357ab95bbeccc3e
2020-01-28T18:30:00.000Z,14,52,Hebei,27,621c81799357ab95bbeccc3f
2020-01-28T18:30:00.000Z,29,150,Heilongjiang,73,621c81799357ab95bbeccc40
2020-01-28T18:30:00.000Z,15,157,Henan,68,621c81799357ab95bbeccc41
2020-01-28T18:30:00.000Z,6,164,Hubei,61,621c81799357ab95bbeccc42
2020-01-28T18:30:00.000Z,21,58,Hunan,66,621c81799357ab95bbeccc43
2020-01-28T18:30:00.000Z,37,120,Inner Mongolia,4,621c81799357ab95bbeccc44
2020-01-28T18:30:00.000Z,0,185,Jiangsu,17,621c81799357ab95bbeccc45
2020-01-28T18:30:00.000Z,40,125,Jiangxi,58,621c81799357ab95bbeccc46
2020-01-28T18:30:00.000Z,0,188,Jilin,43,621c81799357ab95bbeccc47
2020-01-28T18:30:00.000Z,43,178,Liaoning,55,621c81799357ab95bbeccc48
2020-01-28T18:30:00.000Z,47,141,Ningxia,43,621c81799357ab95bbeccc49
2020-01-28T18:30:00.000Z,15,140,Qinghai,71,621c81799357ab95bbeccc4a
2020-01-28T18:30:00.000Z,5,89,Shaanxi,19,621c81799357ab95bbeccc4b
2020-01-28T18:30:00.000Z,27,176,Shandong,21,621c81799357ab95bbeccc4c
2020-01-28T18:30:00.000Z,6,199,Shanghai,49,621c81799357ab95bbeccc4d
2020-01-28T18:30:00.000Z,9,115,Shanxi,15,621c81799357ab95bbeccc4e
2020-01-28T18:30:00.000Z,11,99,Sichuan,53,621c81799357ab95bbeccc4f
2020-01-28T18:30:00.000Z,18,1,Anhui,44,621c81799357ab95bbeccc50
2020-01-28T18:30:00.000Z,25,45,Beijing,12,621c81799357ab95bbeccc51
2020-01-28T18:30:00.000Z,24,198,Chongqing,18,621c81799357ab95bbeccc52
2020-01-28T18:30:00.000Z,38,47,Fujian,35,621c81799357ab95bbeccc53
2020-01-28T18:30:00.000Z,11,35,Gansu,39,621c81799357ab95bbeccc54
2020-01-28T18:30:00.000Z,29,50,Guangdong,27,621c81799357ab95bbeccc55
2020-01-28T18:30:00.000Z,6,37,Guangxi,58,621c81799357ab95bbeccc56
2020-01-29T18:30:00.000Z,30,140,Guizhou,49,621c81799357ab95bbeccc57
2020-01-29T18:30:00.000Z,29,186,Hainan,53,621c81799357ab95bbeccc58
2020-01-29T18:30:00.000Z,28,197,Hebei,30,621c81799357ab95bbeccc59
2020-01-29T18:30:00.000Z,19,143,Heilongjiang,40,621c81799357ab95bbeccc5a
2020-01-29T18:30:00.000Z,36,170,Henan,68,621c81799357ab95bbeccc5b
2020-01-29T18:30:00.000Z,25,143,Hubei,57,621c81799357ab95bbeccc5c
2020-01-29T18:30:00.000Z,17,78,Guangdong,2,621c81799357ab95bbeccc5d
2020-01-29T18:30:00.000Z,33,78,Zhejiang,53,621c81799357ab95bbeccc5e
2020-01-29T18:30:00.000Z,12,198,Beijing,40,621c81799357ab95bbeccc5f
2020-01-29T18:30:00.000Z,36,169,Chongqing,47,621c81799357ab95bbeccc60
2020-01-29T18:30:00.000Z,7,146,Hunan,16,621c81799357ab95bbeccc61
2020-01-29T18:30:00.000Z,28,82,Guangxi,56,621c81799357ab95bbeccc62
2020-01-29T18:30:00.000Z,43,101,Shanghai,7,621c81799357ab95bbeccc63
2020-01-29T18:30:00.000Z,12,96,Jiangxi,8,621c81799357ab95bbeccc64
2020-01-29T18:30:00.000Z,26,65,Sichuan,55,621c81799357ab95bbeccc65
2020-01-29T18:30:00.000Z,49,117,Shandong,54,621c81799357ab95bbeccc66
2020-01-29T18:30:00.000Z,42,11,Anhui,23,621c81799357ab95bbeccc67
2020-01-29T18:30:00.000Z,43,135,Fujian,3,621c81799357ab95bbeccc68
2020-01-29T18:30:00.000Z,15,86,Henan,72,621c81799357ab95bbeccc69
2020-01-29T18:30:00.000Z,21,72,Jiangsu,17,621c81799357ab95bbeccc6a
2020-01-29T18:30:00.000Z,14,110,Hainan,19,621c81799357ab95bbeccc6b
2020-01-29T18:30:00.000Z,39,193,Tianjin,28,621c81799357ab95bbeccc6c
2020-01-29T18:30:00.000Z,9,96,Yunnan,14,621c81799357ab95bbeccc6d
2020-01-29T18:30:00.000Z,42,37,Shaanxi,12,621c81799357ab95bbeccc6e
2020-01-29T18:30:00.000Z,5,176,Heilongjiang,59,621c81799357ab95bbeccc6f
2020-01-29T18:30:00.000Z,19,166,Liaoning,58,621c81799357ab95bbeccc70
2020-01-29T18:30:00.000Z,14,74,Guizhou,44,621c81799357ab95bbeccc71
2020-01-29T18:30:00.000Z,31,161,Jilin,41,621c81799357ab95bbeccc72
2020-01-29T18:30:00.000Z,10,150,Anhui,72,621c81799357ab95bbeccc73
2020-01-29T18:30:00.000Z,31,167,Beijing,33,621c81799357ab95bbeccc74
2020-01-29T18:30:00.000Z,27,86,Chongqing,25,621c81799357ab95bbeccc75
2020-01-29T18:30:00.000Z,41,82,Fujian,4,621c81799357ab95bbeccc76
2020-01-29T18:30:00.000Z,41,19,Gansu,39,621c81799357ab95bbeccc77
2020-01-29T18:30:00.000Z,2,120,Guangdong,10,621c81799357ab95bbeccc78
2020-01-29T18:30:00.000Z,13,172,Guangxi,25,621c81799357ab95bbeccc79
2020-01-29T18:30:00.000Z,43,158,Guizhou,33,621c81799357ab95bbeccc7a
2020-01-29T18:30:00.000Z,14,155,Hainan,26,621c81799357ab95bbeccc7b
2020-01-29T18:30:00.000Z,4,46,Hebei,12,621c81799357ab95bbeccc7c
2020-01-29T18:30:00.000Z,40,61,Heilongjiang,42,621c81799357ab95bbeccc7d
2020-01-29T18:30:00.000Z,10,46,Henan,26,621c81799357ab95bbeccc7e
2020-01-29T18:30:00.000Z,31,142,Hubei,24,621c81799357ab95bbeccc7f
2020-01-29T18:30:00.000Z,39,31,Hunan,68,621c81799357ab95bbeccc80
2020-01-29T18:30:00.000Z,46,100,Inner Mongolia,21,621c81799357ab95bbeccc81
2020-01-29T18:30:00.000Z,5,85,Jiangsu,41,621c81799357ab95bbeccc82
2020-01-29T18:30:00.000Z,36,101,Jiangxi,27,621c81799357ab95bbeccc83
2020-01-29T18:30:00.000Z,7,98,Jilin,30,621c81799357ab95bbeccc84
2020-01-29T18:30:00.000Z,1,190,Liaoning,24,621c81799357ab95bbeccc85
2020-01-29T18:30:00.000Z,8,140,Ningxia,2,621c81799357ab95bbeccc86
2020-01-29T18:30:00.000Z,26,83,Qinghai,59,621c81799357ab95bbeccc87
2020-01-29T18:30:00.000Z,2,39,Shaanxi,22,621c81799357ab95bbeccc88
2020-01-29T18:30:00.000Z,43,55,Shandong,41,621c81799357ab95bbeccc89
2020-01-29T18:30:00.000Z,7,159,Shanghai,57,621c81799357ab95bbeccc8a
2020-01-29T18:30:00.000Z,20,73,Shanxi,60,621c81799357ab95bbeccc8b
2020-01-29T18:30:00.000Z,5,22,Sichuan,72,621c81799357ab95bbeccc8c
2020-01-29T18:30:00.000Z,30,31,Anhui,56,621c81799357ab95bbeccc8d
2020-01-29T18:30:00.000Z,5,153,Beijing,40,621c81799357ab95bbeccc8e
2020-01-29T18:30:00.000Z,38,128,Chongqing,64,621c81799357ab95bbeccc8f
2020-01-29T18:30:00.000Z,44,199,Fujian,40,621c81799357ab95bbeccc90
2020-01-30T18:30:00.000Z,34,160,Gansu,31,621c81799357ab95bbeccc91
2020-01-30T18:30:00.000Z,22,140,Guangdong,63,621c81799357ab95bbeccc92
2020-01-30T18:30:00.000Z,19,70,Guangxi,25,621c81799357ab95bbeccc93
2020-01-30T18:30:00.000Z,11,151,Guizhou,71,621c81799357ab95bbeccc94
2020-01-30T18:30:00.000Z,45,26,Hainan,37,621c81799357ab95bbeccc95
2020-01-30T18:30:00.000Z,6,61,Hebei,70,621c81799357ab95bbeccc96
2020-01-30T18:30:00.000Z,14,138,Heilongjiang,31,621c81799357ab95bbeccc97
2020-01-30T18:30:00.000Z,8,179,Henan,27,621c81799357ab95bbeccc98
2020-01-30T18:30:00.000Z,31,20,Hubei,22,621c81799357ab95bbeccc99
2020-01-30T18:30:00.000Z,18,158,Guangdong,41,621c81799357ab95bbeccc9a
2020-01-30T18:30:00.000Z,41,171,Zhejiang,45,621c81799357ab95bbeccc9b
2020-01-30T18:30:00.000Z,22,167,Beijing,11,621c81799357ab95bbeccc9c
2020-01-30T18:30:00.000Z,7,74,Chongqing,65,621c81799357ab95bbeccc9d
2020-01-30T18:30:00.000Z,27,94,Hunan,11,621c81799357ab95bbeccc9e
2020-01-30T18:30:00.000Z,38,35,Guangxi,13,621c81799357ab95bbeccc9f
2020-01-30T18:30:00.000Z,28,164,Shanghai,5,621c81799357ab95bbeccca0
2020-01-30T18:30:00.000Z,38,84,Jiangxi,62,621c81799357ab95bbeccca1
2020-01-30T18:30:00.000Z,17,16,Sichuan,8,621c81799357ab95bbeccca2
2020-01-30T18:30:00.000Z,13,108,Shandong,1,621c81799357ab95bbeccca3
2020-01-30T18:30:00.000Z,22,10,Anhui,65,621c81799357ab95bbeccca4
2020-01-30T18:30:00.000Z,50,132,Fujian,50,621c81799357ab95bbeccca5
2020-01-30T18:30:00.000Z,12,186,Henan,73,621c81799357ab95bbeccca6
2020-01-30T18:30:00.000Z,47,121,Jiangsu,56,621c81799357ab95bbeccca7
2020-01-30T18:30:00.000Z,16,41,Hainan,59,621c81799357ab95bbeccca8
2020-01-30T18:30:00.000Z,49,136,Tianjin,46,621c81799357ab95bbeccca9
2020-01-30T18:30:00.000Z,23,85,Yunnan,70,621c81799357ab95bbecccaa
2020-01-30T18:30:00.000Z,7,70,Shaanxi,17,621c81799357ab95bbecccab
2020-01-30T18:30:00.000Z,15,54,Heilongjiang,69,621c81799357ab95bbecccac
2020-01-30T18:30:00.000Z,15,76,Liaoning,23,621c81799357ab95bbecccad
2020-01-30T18:30:00.000Z,9,88,Guizhou,17,621c81799357ab95bbecccae
2020-01-30T18:30:00.000Z,8,2,Jilin,50,621c81799357ab95bbecccaf
2020-01-30T18:30:00.000Z,2,196,Anhui,70,621c81799357ab95bbecccb0
2020-01-30T18:30:00.000Z,42,26,Beijing,40,621c81799357ab95bbecccb1
2020-01-30T18:30:00.000Z,26,78,Chongqing,58,621c81799357ab95bbecccb2
2020-01-30T18:30:00.000Z,22,4,Fujian,19,621c81799357ab95bbecccb3
2020-01-30T18:30:00.000Z,2,191,Gansu,69,621c81799357ab95bbecccb4
2020-01-30T18:30:00.000Z,18,69,Guangdong,46,621c81799357ab95bbecccb5
2020-01-30T18:30:00.000Z,35,8,Guangxi,62,621c81799357ab95bbecccb6
2020-01-30T18:30:00.000Z,49,22,Guizhou,57,621c81799357ab95bbecccb7
2020-01-30T18:30:00.000Z,23,19,Hainan,57,621c81799357ab95bbecccb8
2020-01-30T18:30:00.000Z,43,76,Hebei,3,621c81799357ab95bbecccb9
2020-01-30T18:30:00.000Z,34,7,Heilongjiang,28,621c81799357ab95bbecccba
2020-01-30T18:30:00.000Z,4,116,Henan,11,621c81799357ab95bbecccbb
2020-01-30T18:30:00.000Z,11,122,Hubei,25,621c81799357ab95bbecccbc
2020-01-30T18:30:00.000Z,49,183,Hunan,15,621c81799357ab95bbecccbd
2020-01-30T18:30:00.000Z,7,139,Inner Mongolia,69,621c81799357ab95bbecccbe
2020-01-30T18:30:00.000Z,28,77,Jiangsu,53,621c81799357ab95bbecccbf
2020-01-30T18:30:00.000Z,21,86,Jiangxi,30,621c81799357ab95bbecccc0
2020-01-30T18:30:00.000Z,35,33,Jilin,40,621c81799357ab95bbecccc1
2020-01-30T18:30:00.000Z,35,13,Liaoning,4,621c81799357ab95bbecccc2
2020-01-30T18:30:00.000Z,10,95,Ningxia,3,621c81799357ab95bbecccc3
2020-01-30T18:30:00.000Z,47,147,Qinghai,56,621c81799357ab95bbecccc4
2020-01-30T18:30:00.000Z,47,47,Shaanxi,60,621c81799357ab95bbecccc5
2020-01-30T18:30:00.000Z,27,53,Shandong,71,621c81799357ab95bbecccc6
2020-01-30T18:30:00.000Z,11,42,Shanghai,47,621c81799357ab95bbecccc7
2020-01-30T18:30:00.000Z,5,16,Shanxi,59,621c81799357ab95bbecccc8
2020-01-30T18:30:00.000Z,2,31,Sichuan,47,621c81799357ab95bbecccc9
2020-01-30T18:30:00.000Z,33,192,Anhui,29,621c81799357ab95bbecccca
2020-01-30T18:30:00.000Z,46,45,Beijing,71,621c81799357ab95bbeccccb
2020-01-30T18:30:00.000Z,0,20,Chongqing,24,621c81799357ab95bbeccccc
2020-01-30T18:30:00.000Z,28,11,Fujian,3,621c81799357ab95bbeccccd
2020-01-30T18:30:00.000Z,29,165,Gansu,7,621c81799357ab95bbecccce
2020-01-31T18:30:00.000Z,21,40,Guangdong,57,621c81799357ab95bbeccccf
2020-01-31T18:30:00.000Z,23,134,Guangxi,39,621c81799357ab95bbecccd0
2020-01-31T18:30:00.000Z,27,31,Guizhou,44,621c81799357ab95bbecccd1
2020-01-31T18:30:00.000Z,4,57,Hainan,21,621c81799357ab95bbecccd2
2020-01-31T18:30:00.000Z,9,100,Hebei,27,621c81799357ab95bbecccd3
2020-01-31T18:30:00.000Z,24,45,Heilongjiang,71,621c81799357ab95bbecccd4
2020-01-31T18:30:00.000Z,38,3,Henan,48,621c81799357ab95bbecccd5
2020-01-31T18:30:00.000Z,22,115,Hubei,47,621c81799357ab95bbecccd6
2020-01-31T18:30:00.000Z,15,72,Guangdong,60,621c81799357ab95bbecccd7
2020-01-31T18:30:00.000Z,41,80,Zhejiang,36,621c81799357ab95bbecccd8
2020-01-31T18:30:00.000Z,10,36,Beijing,22,621c81799357ab95bbecccd9
2020-01-31T18:30:00.000Z,40,152,Chongqing,41,621c81799357ab95bbecccda
2020-01-31T18:30:00.000Z,12,117,Hunan,47,621c81799357ab95bbecccdb
2020-01-31T18:30:00.000Z,24,126,Guangxi,17,621c81799357ab95bbecccdc
2020-01-31T18:30:00.000Z,23,92,Shanghai,74,621c81799357ab95bbecccdd
2020-01-31T18:30:00.000Z,2,142,Jiangxi,36,621c81799357ab95bbecccde
2020-01-31T18:30:00.000Z,7,89,Sichuan,51,621c81799357ab95bbecccdf
2020-01-31T18:30:00.000Z,11,98,Shandong,40,621c81799357ab95bbeccce0
2020-01-31T18:30:00.000Z,12,99,Anhui,69,621c81799357ab95bbeccce1
2020-01-31T18:30:00.000Z,15,127,Fujian,60,621c81799357ab95bbeccce2
2020-01-31T18:30:00.000Z,28,100,Henan,45,621c81799357ab95bbeccce3
2020-01-31T18:30:00.000Z,30,8,Jiangsu,56,621c81799357ab95bbeccce4
2020-01-31T18:30:00.000Z,25,26,Hainan,61,621c81799357ab95bbeccce5
2020-01-31T18:30:00.000Z,41,28,Tianjin,64,621c81799357ab95bbeccce6
2020-01-31T18:30:00.000Z,2,41,Yunnan,45,621c81799357ab95bbeccce7
2020-01-31T18:30:00.000Z,4,145,Shaanxi,28,621c81799357ab95bbeccce8
2020-01-31T18:30:00.000Z,11,158,Heilongjiang,31,621c81799357ab95bbeccce9
2020-01-31T18:30:00.000Z,18,37,Liaoning,7,621c81799357ab95bbecccea
2020-01-31T18:30:00.000Z,22,131,Guizhou,55,621c81799357ab95bbeccceb
2020-01-31T18:30:00.000Z,46,160,Jilin,31,621c81799357ab95bbecccec
2020-01-31T18:30:00.000Z,44,92,Shanghai,71,621c81799357ab95bbeccced
2020-01-31T18:30:00.000Z,46,126,Henan,46,621c81799357ab95bbecccee
2020-01-31T18:30:00.000Z,14,162,Sichuan,2,621c81799357ab95bbecccef
2020-01-31T18:30:00.000Z,44,4,Shandong,27,621c81799357ab95bbecccf0
2020-01-31T18:30:00.000Z,7,5,Guangxi,36,621c81799357ab95bbecccf1
2020-01-31T18:30:00.000Z,18,195,Hainan,66,621c81799357ab95bbecccf2
2020-01-31T18:30:00.000Z,30,1,Jiangxi,12,621c81799357ab95bbecccf3
2020-01-31T18:30:00.000Z,39,135,Fujian,10,621c81799357ab95bbecccf4
2020-01-31T18:30:00.000Z,41,159,Jiangsu,38,621c81799357ab95bbecccf5
2020-01-31T18:30:00.000Z,5,187,Liaoning,28,621c81799357ab95bbecccf6
2020-01-31T18:30:00.000Z,7,93,Shaanxi,40,621c81799357ab95bbecccf7
2020-01-31T18:30:00.000Z,41,116,Yunnan,56,621c81799357ab95bbecccf8
2020-01-31T18:30:00.000Z,39,175,Tianjin,26,621c81799357ab95bbecccf9
2020-01-31T18:30:00.000Z,13,145,Heilongjiang,14,621c81799357ab95bbecccfa
2020-01-31T18:30:00.000Z,42,54,Hebei,31,621c81799357ab95bbecccfb
2020-01-31T18:30:00.000Z,7,122,Inner Mongolia,18,621c81799357ab95bbecccfc
2020-01-31T18:30:00.000Z,6,37,Shanxi,11,621c81799357ab95bbecccfd
2020-01-31T18:30:00.000Z,41,70,Shanghai,63,621c81799357ab95bbecccfe
2020-01-31T18:30:00.000Z,14,175,Henan,35,621c81799357ab95bbecccff
2020-01-31T18:30:00.000Z,22,193,Sichuan,27,621c81799357ab95bbeccd00
2020-01-31T18:30:00.000Z,48,199,Shandong,5,621c81799357ab95bbeccd01
2020-01-31T18:30:00.000Z,11,84,Guangxi,25,621c81799357ab95bbeccd02
2020-01-31T18:30:00.000Z,44,23,Hainan,39,621c81799357ab95bbeccd03
2020-01-31T18:30:00.000Z,11,5,Jiangxi,35,621c81799357ab95bbeccd04
2020-01-31T18:30:00.000Z,14,153,Fujian,46,621c81799357ab95bbeccd05
2020-01-31T18:30:00.000Z,30,3,Jiangsu,45,621c81799357ab95bbeccd06
2020-01-31T18:30:00.000Z,21,29,Liaoning,47,621c81799357ab95bbeccd07
2020-01-31T18:30:00.000Z,13,10,Shaanxi,66,621c81799357ab95bbeccd08
2020-01-31T18:30:00.000Z,47,139,Yunnan,37,621c81799357ab95bbeccd09
2020-01-31T18:30:00.000Z,36,104,Tianjin,49,621c81799357ab95bbeccd0a
2020-01-31T18:30:00.000Z,17,163,Heilongjiang,46,621c81799357ab95bbeccd0b
2020-01-31T18:30:00.000Z,47,195,Hebei,5,621c81799357ab95bbeccd0c
2020-01-31T18:30:00.000Z,4,118,Inner Mongolia,2,621c81799357ab95bbeccd0d
2020-01-31T18:30:00.000Z,7,159,Shanxi,3,621c81799357ab95bbeccd0e
2020-01-31T18:30:00.000Z,35,80,Fujian,33,621c81799357ab95bbeccd0f
2020-01-31T18:30:00.000Z,9,58,Gansu,42,621c81799357ab95bbeccd10
2020-01-31T18:30:00.000Z,48,40,Guangdong,39,621c81799357ab95bbeccd11
2020-02-01T18:30:00.000Z,26,80,Guangxi,8,621c81799357ab95bbeccd12
2020-02-01T18:30:00.000Z,38,120,Guizhou,30,621c81799357ab95bbeccd13
2020-02-01T18:30:00.000Z,43,162,Hainan,0,621c81799357ab95bbeccd14
2020-02-01T18:30:00.000Z,25,72,Hebei,0,621c81799357ab95bbeccd15
2020-02-01T18:30:00.000Z,26,28,Heilongjiang,40,621c81799357ab95bbeccd16
2020-02-01T18:30:00.000Z,16,150,Henan,5,621c81799357ab95bbeccd17
2020-02-01T18:30:00.000Z,28,198,Hubei,63,621c81799357ab95bbeccd18
2020-02-01T18:30:00.000Z,10,63,Guangdong,72,621c81799357ab95bbeccd19
2020-02-01T18:30:00.000Z,25,88,Zhejiang,2,621c81799357ab95bbeccd1a
2020-02-01T18:30:00.000Z,6,131,Beijing,44,621c81799357ab95bbeccd1b
2020-02-01T18:30:00.000Z,35,171,Chongqing,39,621c81799357ab95bbeccd1c
2020-02-01T18:30:00.000Z,28,111,Hunan,66,621c81799357ab95bbeccd1d
2020-02-01T18:30:00.000Z,42,118,Guangxi,33,621c81799357ab95bbeccd1e
2020-02-01T18:30:00.000Z,11,126,Shanghai,45,621c81799357ab95bbeccd1f
2020-02-01T18:30:00.000Z,1,32,Jiangxi,69,621c81799357ab95bbeccd20
2020-02-01T18:30:00.000Z,27,187,Heilongjiang,54,621c81799357ab95bbeccd21
2020-02-01T18:30:00.000Z,23,121,Henan,11,621c81799357ab95bbeccd22
2020-02-01T18:30:00.000Z,18,118,Hubei,22,621c81799357ab95bbeccd23
2020-02-01T18:30:00.000Z,23,93,Hunan,17,621c81799357ab95bbeccd24
2020-02-01T18:30:00.000Z,7,2,Inner Mongolia,47,621c81799357ab95bbeccd25
2020-02-01T18:30:00.000Z,1,11,Jiangsu,68,621c81799357ab95bbeccd26
2020-02-01T18:30:00.000Z,42,125,Jiangxi,8,621c81799357ab95bbeccd27
2020-02-01T18:30:00.000Z,3,50,Jilin,52,621c81799357ab95bbeccd28
2020-02-01T18:30:00.000Z,37,118,Liaoning,74,621c81799357ab95bbeccd29
2020-02-01T18:30:00.000Z,7,120,Ningxia,14,621c81799357ab95bbeccd2a
2020-02-01T18:30:00.000Z,42,115,Qinghai,36,621c81799357ab95bbeccd2b
2020-02-01T18:30:00.000Z,15,86,Shaanxi,52,621c81799357ab95bbeccd2c
2020-02-01T18:30:00.000Z,21,112,Shandong,35,621c81799357ab95bbeccd2d
2020-02-01T18:30:00.000Z,39,50,Shanghai,48,621c81799357ab95bbeccd2e
2020-02-01T18:30:00.000Z,49,29,Shanxi,53,621c81799357ab95bbeccd2f
2020-02-01T18:30:00.000Z,12,147,Sichuan,39,621c81799357ab95bbeccd30
2020-02-01T18:30:00.000Z,39,180,Anhui,13,621c81799357ab95bbeccd31
2020-02-01T18:30:00.000Z,21,30,Beijing,70,621c81799357ab95bbeccd32
2020-02-01T18:30:00.000Z,2,83,Chongqing,65,621c81799357ab95bbeccd33
2020-02-01T18:30:00.000Z,35,132,Fujian,65,621c81799357ab95bbeccd34
2020-02-01T18:30:00.000Z,38,110,Gansu,21,621c81799357ab95bbeccd35
2020-02-01T18:30:00.000Z,15,7,Guangdong,19,621c81799357ab95bbeccd36
2020-02-01T18:30:00.000Z,47,112,Guangxi,55,621c81799357ab95bbeccd37
2020-02-01T18:30:00.000Z,13,123,Guizhou,29,621c81799357ab95bbeccd38
2020-02-01T18:30:00.000Z,45,23,Hainan,48,621c81799357ab95bbeccd39
2020-02-01T18:30:00.000Z,19,123,Hebei,15,621c81799357ab95bbeccd3a
2020-02-01T18:30:00.000Z,27,75,Heilongjiang,25,621c81799357ab95bbeccd3b
2020-02-01T18:30:00.000Z,17,157,Henan,13,621c81799357ab95bbeccd3c
2020-02-01T18:30:00.000Z,28,158,Hubei,37,621c81799357ab95bbeccd3d
2020-02-01T18:30:00.000Z,30,172,Guangdong,66,621c81799357ab95bbeccd3e
2020-02-01T18:30:00.000Z,29,98,Zhejiang,70,621c81799357ab95bbeccd3f
2020-02-01T18:30:00.000Z,12,5,Beijing,66,621c81799357ab95bbeccd40
2020-02-01T18:30:00.000Z,14,41,Chongqing,49,621c81799357ab95bbeccd41
2020-02-01T18:30:00.000Z,30,62,Hunan,3,621c81799357ab95bbeccd42
2020-02-01T18:30:00.000Z,7,58,Guangxi,51,621c81799357ab95bbeccd43
2020-02-01T18:30:00.000Z,18,119,Shanghai,29,621c81799357ab95bbeccd44
2020-02-01T18:30:00.000Z,24,121,Jiangxi,32,621c81799357ab95bbeccd45
2020-02-01T18:30:00.000Z,21,144,Sichuan,46,621c81799357ab95bbeccd46
2020-02-01T18:30:00.000Z,30,182,Shandong,10,621c81799357ab95bbeccd47
2020-02-01T18:30:00.000Z,23,115,Anhui,23,621c81799357ab95bbeccd48
2020-02-01T18:30:00.000Z,43,129,Fujian,71,621c81799357ab95bbeccd49
2020-02-01T18:30:00.000Z,48,170,Henan,30,621c81799357ab95bbeccd4a
2020-02-01T18:30:00.000Z,43,156,Jiangsu,8,621c81799357ab95bbeccd4b
2020-02-01T18:30:00.000Z,18,172,Hainan,48,621c81799357ab95bbeccd4c
2020-02-01T18:30:00.000Z,6,151,Tianjin,9,621c81799357ab95bbeccd4d
2020-02-01T18:30:00.000Z,32,181,Guizhou,60,621c81799357ab95bbeccd4e
2020-02-01T18:30:00.000Z,48,70,Hainan,38,621c81799357ab95bbeccd4f
2020-02-01T18:30:00.000Z,34,124,Hebei,10,621c81799357ab95bbeccd50
2020-02-01T18:30:00.000Z,36,160,Heilongjiang,56,621c81799357ab95bbeccd51
2020-02-01T18:30:00.000Z,38,92,Henan,17,621c81799357ab95bbeccd52
2020-02-01T18:30:00.000Z,45,69,Hubei,9,621c81799357ab95bbeccd53
2020-02-01T18:30:00.000Z,19,114,Hunan,58,621c81799357ab95bbeccd54
2020-02-02T18:30:00.000Z,39,195,Inner Mongolia,35,621c81799357ab95bbeccd55
2020-02-02T18:30:00.000Z,12,8,Jiangsu,15,621c81799357ab95bbeccd56
2020-02-02T18:30:00.000Z,16,125,Jiangxi,20,621c81799357ab95bbeccd57
2020-02-02T18:30:00.000Z,26,122,Jilin,10,621c81799357ab95bbeccd58
2020-02-02T18:30:00.000Z,19,189,Liaoning,57,621c81799357ab95bbeccd59
2020-02-02T18:30:00.000Z,44,165,Ningxia,72,621c81799357ab95bbeccd5a
2020-02-02T18:30:00.000Z,48,51,Qinghai,17,621c81799357ab95bbeccd5b
2020-02-02T18:30:00.000Z,42,61,Shaanxi,58,621c81799357ab95bbeccd5c
2020-02-02T18:30:00.000Z,8,30,Shandong,65,621c81799357ab95bbeccd5d
2020-02-02T18:30:00.000Z,19,10,Shanghai,59,621c81799357ab95bbeccd5e
2020-02-02T18:30:00.000Z,3,171,Shanxi,6,621c81799357ab95bbeccd5f
2020-02-02T18:30:00.000Z,3,52,Sichuan,67,621c81799357ab95bbeccd60
2020-02-02T18:30:00.000Z,24,102,Anhui,23,621c81799357ab95bbeccd61
2020-02-02T18:30:00.000Z,48,111,Beijing,29,621c81799357ab95bbeccd62
2020-02-02T18:30:00.000Z,25,119,Chongqing,51,621c81799357ab95bbeccd63
2020-02-02T18:30:00.000Z,6,107,Fujian,1,621c81799357ab95bbeccd64
2020-02-02T18:30:00.000Z,11,182,Gansu,2,621c81799357ab95bbeccd65
2020-02-02T18:30:00.000Z,33,104,Guangdong,71,621c81799357ab95bbeccd66
2020-02-02T18:30:00.000Z,25,28,Guangxi,3,621c81799357ab95bbeccd67
2020-02-02T18:30:00.000Z,25,72,Guizhou,73,621c81799357ab95bbeccd68
2020-02-02T18:30:00.000Z,11,145,Hainan,50,621c81799357ab95bbeccd69
2020-02-02T18:30:00.000Z,13,178,Hebei,5,621c81799357ab95bbeccd6a
2020-02-02T18:30:00.000Z,38,153,Heilongjiang,65,621c81799357ab95bbeccd6b
2020-02-02T18:30:00.000Z,8,82,Henan,60,621c81799357ab95bbeccd6c
2020-02-02T18:30:00.000Z,34,131,Hubei,46,621c81799357ab95bbeccd6d
2020-02-02T18:30:00.000Z,46,75,Guangdong,33,621c81799357ab95bbeccd6e
2020-02-02T18:30:00.000Z,13,113,Zhejiang,62,621c81799357ab95bbeccd6f
2020-02-02T18:30:00.000Z,41,64,Beijing,59,621c81799357ab95bbeccd70
2020-02-02T18:30:00.000Z,32,23,Chongqing,5,621c81799357ab95bbeccd71
2020-02-02T18:30:00.000Z,46,131,Hunan,55,621c81799357ab95bbeccd72
2020-02-02T18:30:00.000Z,34,25,Guangxi,43,621c81799357ab95bbeccd73
2020-02-02T18:30:00.000Z,12,141,Shanghai,23,621c81799357ab95bbeccd74
2020-02-02T18:30:00.000Z,41,28,Jiangxi,32,621c81799357ab95bbeccd75
2020-02-02T18:30:00.000Z,13,157,Sichuan,35,621c81799357ab95bbeccd76
2020-02-02T18:30:00.000Z,37,71,Shandong,10,621c81799357ab95bbeccd77
2020-02-02T18:30:00.000Z,36,49,Anhui,23,621c81799357ab95bbeccd78
2020-02-02T18:30:00.000Z,41,138,Fujian,12,621c81799357ab95bbeccd79
2020-02-02T18:30:00.000Z,37,187,Henan,29,621c81799357ab95bbeccd7a
2020-02-02T18:30:00.000Z,36,47,Jiangsu,70,621c81799357ab95bbeccd7b
2020-02-02T18:30:00.000Z,28,86,Hainan,8,621c81799357ab95bbeccd7c
2020-02-02T18:30:00.000Z,31,52,Tianjin,16,621c81799357ab95bbeccd7d
2020-02-02T18:30:00.000Z,16,113,Yunnan,66,621c81799357ab95bbeccd7e
2020-02-02T18:30:00.000Z,17,123,Shaanxi,24,621c81799357ab95bbeccd7f
2020-02-02T18:30:00.000Z,49,179,Heilongjiang,63,621c81799357ab95bbeccd80
2020-02-02T18:30:00.000Z,35,150,Liaoning,16,621c81799357ab95bbeccd81
2020-02-02T18:30:00.000Z,11,79,Guizhou,71,621c81799357ab95bbeccd82
2020-02-02T18:30:00.000Z,15,23,Jilin,43,621c81799357ab95bbeccd83
2020-02-02T18:30:00.000Z,1,13,Shanghai,65,621c81799357ab95bbeccd84
2020-02-02T18:30:00.000Z,31,101,Henan,27,621c81799357ab95bbeccd85
2020-02-02T18:30:00.000Z,24,88,Sichuan,4,621c81799357ab95bbeccd86
2020-02-02T18:30:00.000Z,5,199,Shandong,23,621c81799357ab95bbeccd87
2020-02-02T18:30:00.000Z,9,150,Guangxi,53,621c81799357ab95bbeccd88
2020-02-02T18:30:00.000Z,31,99,Hainan,33,621c81799357ab95bbeccd89
2020-02-02T18:30:00.000Z,8,61,Jiangxi,25,621c81799357ab95bbeccd8a
2020-02-02T18:30:00.000Z,10,112,Fujian,24,621c81799357ab95bbeccd8b
2020-02-02T18:30:00.000Z,14,126,Jiangsu,49,621c81799357ab95bbeccd8c
2020-02-02T18:30:00.000Z,10,126,Liaoning,33,621c81799357ab95bbeccd8d
2020-02-02T18:30:00.000Z,45,50,Shaanxi,43,621c81799357ab95bbeccd8e
2020-02-02T18:30:00.000Z,14,185,Yunnan,40,621c81799357ab95bbeccd8f
2020-02-02T18:30:00.000Z,6,4,Tianjin,2,621c81799357ab95bbeccd90
2020-02-02T18:30:00.000Z,38,148,Heilongjiang,52,621c81799357ab95bbeccd91
2020-02-02T18:30:00.000Z,22,51,Hebei,62,621c81799357ab95bbeccd92
2020-02-02T18:30:00.000Z,0,87,Inner Mongolia,21,621c81799357ab95bbeccd93
2020-02-02T18:30:00.000Z,8,146,Shanxi,33,621c81799357ab95bbeccd94
2020-02-02T18:30:00.000Z,26,90,Shanghai,4,621c81799357ab95bbeccd95
2020-02-02T18:30:00.000Z,6,169,Henan,50,621c81799357ab95bbeccd96
2020-02-02T18:30:00.000Z,35,184,Sichuan,59,621c81799357ab95bbeccd97
2020-02-02T18:30:00.000Z,0,97,Shandong,29,621c81799357ab95bbeccd98
2020-02-03T18:30:00.000Z,36,33,Guangxi,25,621c81799357ab95bbeccd99
2020-02-03T18:30:00.000Z,13,148,Hainan,13,621c81799357ab95bbeccd9a
2020-02-03T18:30:00.000Z,36,129,Jiangxi,17,621c81799357ab95bbeccd9b
2020-02-03T18:30:00.000Z,11,171,Fujian,42,621c81799357ab95bbeccd9c
2020-02-03T18:30:00.000Z,38,92,Jiangsu,12,621c81799357ab95bbeccd9d
2020-02-03T18:30:00.000Z,22,35,Liaoning,53,621c81799357ab95bbeccd9e
2020-02-03T18:30:00.000Z,24,145,Shaanxi,62,621c81799357ab95bbeccd9f
2020-02-03T18:30:00.000Z,2,122,Yunnan,46,621c81799357ab95bbeccda0
2020-02-03T18:30:00.000Z,24,177,Tianjin,10,621c81799357ab95bbeccda1
2020-02-03T18:30:00.000Z,25,112,Heilongjiang,16,621c81799357ab95bbeccda2
2020-02-03T18:30:00.000Z,13,73,Hebei,69,621c81799357ab95bbeccda3
2020-02-03T18:30:00.000Z,47,50,Inner Mongolia,10,621c81799357ab95bbeccda4
2020-02-03T18:30:00.000Z,4,18,Shanxi,64,621c81799357ab95bbeccda5
2020-02-03T18:30:00.000Z,7,108,Fujian,49,621c81799357ab95bbeccda6
2020-02-03T18:30:00.000Z,40,190,Gansu,15,621c81799357ab95bbeccda7
2020-02-03T18:30:00.000Z,16,80,Guangdong,48,621c81799357ab95bbeccda8
2020-02-03T18:30:00.000Z,37,33,Guangxi,4,621c81799357ab95bbeccda9
2020-02-03T18:30:00.000Z,30,189,Guizhou,20,621c81799357ab95bbeccdaa
2020-02-03T18:30:00.000Z,3,22,Hainan,7,621c81799357ab95bbeccdab
2020-02-03T18:30:00.000Z,20,123,Hebei,32,621c81799357ab95bbeccdac
2020-02-03T18:30:00.000Z,27,95,Heilongjiang,28,621c81799357ab95bbeccdad
2020-02-03T18:30:00.000Z,17,46,Henan,69,621c81799357ab95bbeccdae
2020-02-03T18:30:00.000Z,26,78,Hubei,9,621c81799357ab95bbeccdaf
2020-02-03T18:30:00.000Z,50,13,Guangdong,59,621c81799357ab95bbeccdb0
2020-02-03T18:30:00.000Z,2,22,Zhejiang,3,621c81799357ab95bbeccdb1
2020-02-03T18:30:00.000Z,14,153,Beijing,23,621c81799357ab95bbeccdb2
2020-02-03T18:30:00.000Z,26,54,Chongqing,1,621c81799357ab95bbeccdb3
2020-02-03T18:30:00.000Z,2,146,Hunan,19,621c81799357ab95bbeccdb4
2020-02-03T18:30:00.000Z,24,63,Guangxi,60,621c81799357ab95bbeccdb5
2020-02-03T18:30:00.000Z,15,159,Shanghai,35,621c81799357ab95bbeccdb6
2020-02-03T18:30:00.000Z,20,175,Jiangxi,19,621c81799357ab95bbeccdb7
2020-02-03T18:30:00.000Z,35,45,Heilongjiang,55,621c81799357ab95bbeccdb8
2020-02-03T18:30:00.000Z,32,100,Henan,41,621c81799357ab95bbeccdb9
2020-02-03T18:30:00.000Z,42,12,Hubei,72,621c81799357ab95bbeccdba
2020-02-03T18:30:00.000Z,37,180,Hunan,13,621c81799357ab95bbeccdbb
2020-02-03T18:30:00.000Z,12,34,Inner Mongolia,35,621c81799357ab95bbeccdbc
2020-02-03T18:30:00.000Z,25,124,Jiangsu,38,621c81799357ab95bbeccdbd
2020-02-03T18:30:00.000Z,34,162,Jiangxi,37,621c81799357ab95bbeccdbe
2020-02-03T18:30:00.000Z,29,133,Jilin,55,621c81799357ab95bbeccdbf
2020-02-03T18:30:00.000Z,11,51,Liaoning,51,621c81799357ab95bbeccdc0
2020-02-03T18:30:00.000Z,25,37,Ningxia,74,621c81799357ab95bbeccdc1
2020-02-03T18:30:00.000Z,5,115,Qinghai,57,621c81799357ab95bbeccdc2
2020-02-03T18:30:00.000Z,14,20,Shaanxi,45,621c81799357ab95bbeccdc3
2020-02-03T18:30:00.000Z,29,162,Shandong,30,621c81799357ab95bbeccdc4
2020-02-03T18:30:00.000Z,33,166,Shanghai,8,621c81799357ab95bbeccdc5
2020-02-03T18:30:00.000Z,33,78,Shanxi,6,621c81799357ab95bbeccdc6
2020-02-03T18:30:00.000Z,37,109,Sichuan,55,621c81799357ab95bbeccdc7
2020-02-03T18:30:00.000Z,41,146,Anhui,73,621c81799357ab95bbeccdc8
2020-02-03T18:30:00.000Z,39,104,Beijing,29,621c81799357ab95bbeccdc9
2020-02-03T18:30:00.000Z,45,18,Chongqing,1,621c81799357ab95bbeccdca
2020-02-03T18:30:00.000Z,29,177,Fujian,18,621c81799357ab95bbeccdcb
2020-02-03T18:30:00.000Z,35,19,Gansu,30,621c81799357ab95bbeccdcc
2020-02-03T18:30:00.000Z,14,197,Guangdong,17,621c81799357ab95bbeccdcd
2020-02-03T18:30:00.000Z,26,52,Guangxi,8,621c81799357ab95bbeccdce
2020-02-03T18:30:00.000Z,31,160,Guizhou,73,621c81799357ab95bbeccdcf
2020-02-03T18:30:00.000Z,15,167,Hainan,35,621c81799357ab95bbeccdd0
2020-02-03T18:30:00.000Z,19,44,Hebei,29,621c81799357ab95bbeccdd1
2020-02-03T18:30:00.000Z,0,10,Heilongjiang,30,621c81799357ab95bbeccdd2
2020-02-03T18:30:00.000Z,34,98,Henan,59,621c81799357ab95bbeccdd3
2020-02-03T18:30:00.000Z,13,74,Hubei,23,621c81799357ab95bbeccdd4
2020-02-03T18:30:00.000Z,47,73,Guangdong,5,621c81799357ab95bbeccdd5
2020-02-03T18:30:00.000Z,27,176,Zhejiang,64,621c81799357ab95bbeccdd6
2020-02-03T18:30:00.000Z,7,104,Beijing,35,621c81799357ab95bbeccdd7
2020-02-03T18:30:00.000Z,29,38,Chongqing,19,621c81799357ab95bbeccdd8
2020-02-03T18:30:00.000Z,11,191,Hunan,19,621c81799357ab95bbeccdd9
2020-02-03T18:30:00.000Z,7,37,Guangxi,30,621c81799357ab95bbeccdda
2020-02-03T18:30:00.000Z,44,98,Shanghai,15,621c81799357ab95bbeccddb
2020-02-03T18:30:00.000Z,38,155,Jiangxi,35,621c81799357ab95bbeccddc
2020-02-03T18:30:00.000Z,40,100,Sichuan,43,621c81799357ab95bbeccddd
2020-02-03T18:30:00.000Z,7,104,Shandong,20,621c81799357ab95bbeccdde
2020-02-04T18:30:00.000Z,16,87,Anhui,67,621c81799357ab95bbeccddf
2020-02-04T18:30:00.000Z,19,102,Fujian,37,621c81799357ab95bbeccde0
2020-02-04T18:30:00.000Z,49,80,Anhui,7,621c81799357ab95bbeccde1
2020-02-04T18:30:00.000Z,39,46,Fujian,49,621c81799357ab95bbeccde2
2020-02-04T18:30:00.000Z,24,127,Henan,15,621c81799357ab95bbeccde3
2020-02-04T18:30:00.000Z,17,136,Jiangsu,16,621c81799357ab95bbeccde4
2020-02-04T18:30:00.000Z,37,198,Hainan,59,621c81799357ab95bbeccde5
2020-02-04T18:30:00.000Z,5,78,Tianjin,37,621c81799357ab95bbeccde6
2020-02-04T18:30:00.000Z,13,10,Yunnan,42,621c81799357ab95bbeccde7
2020-02-04T18:30:00.000Z,48,142,Shaanxi,45,621c81799357ab95bbeccde8
2020-02-04T18:30:00.000Z,16,142,Heilongjiang,74,621c81799357ab95bbeccde9
2020-02-04T18:30:00.000Z,44,116,Liaoning,56,621c81799357ab95bbeccdea
2020-02-04T18:30:00.000Z,50,182,Guizhou,2,621c81799357ab95bbeccdeb
2020-02-04T18:30:00.000Z,41,36,Jilin,41,621c81799357ab95bbeccdec
2020-02-04T18:30:00.000Z,36,190,Anhui,35,621c81799357ab95bbeccded
2020-02-04T18:30:00.000Z,20,163,Beijing,51,621c81799357ab95bbeccdee
2020-02-04T18:30:00.000Z,43,196,Chongqing,50,621c81799357ab95bbeccdef
2020-02-04T18:30:00.000Z,24,20,Fujian,21,621c81799357ab95bbeccdf0
2020-02-04T18:30:00.000Z,11,125,Gansu,33,621c81799357ab95bbeccdf1
2020-02-04T18:30:00.000Z,0,29,Guangdong,17,621c81799357ab95bbeccdf2
2020-02-04T18:30:00.000Z,1,44,Guangxi,49,621c81799357ab95bbeccdf3
2020-02-04T18:30:00.000Z,32,141,Guizhou,71,621c81799357ab95bbeccdf4
2020-02-04T18:30:00.000Z,34,48,Hainan,35,621c81799357ab95bbeccdf5
2020-02-04T18:30:00.000Z,4,191,Hebei,63,621c81799357ab95bbeccdf6
2020-02-04T18:30:00.000Z,12,63,Heilongjiang,22,621c81799357ab95bbeccdf7
2020-02-04T18:30:00.000Z,48,158,Henan,71,621c81799357ab95bbeccdf8
2020-02-04T18:30:00.000Z,36,118,Hubei,72,621c81799357ab95bbeccdf9
2020-02-04T18:30:00.000Z,19,121,Hunan,68,621c81799357ab95bbeccdfa
2020-02-04T18:30:00.000Z,9,103,Inner Mongolia,63,621c81799357ab95bbeccdfb
2020-02-04T18:30:00.000Z,22,131,Jiangsu,36,621c81799357ab95bbeccdfc
2020-02-04T18:30:00.000Z,25,159,Jiangxi,60,621c81799357ab95bbeccdfd
2020-02-04T18:30:00.000Z,1,86,Jilin,61,621c81799357ab95bbeccdfe
2020-02-04T18:30:00.000Z,4,170,Liaoning,68,621c81799357ab95bbeccdff
2020-02-04T18:30:00.000Z,39,41,Ningxia,22,621c81799357ab95bbecce00
2020-02-04T18:30:00.000Z,2,198,Qinghai,54,621c81799357ab95bbecce01
2020-02-04T18:30:00.000Z,38,114,Shaanxi,47,621c81799357ab95bbecce02
2020-02-04T18:30:00.000Z,49,30,Shandong,26,621c81799357ab95bbecce03
2020-02-04T18:30:00.000Z,12,33,Shanghai,26,621c81799357ab95bbecce04
2020-02-04T18:30:00.000Z,36,137,Shanxi,2,621c81799357ab95bbecce05
2020-02-04T18:30:00.000Z,21,146,Sichuan,42,621c81799357ab95bbecce06
2020-02-04T18:30:00.000Z,49,92,Anhui,11,621c81799357ab95bbecce07
2020-02-04T18:30:00.000Z,24,26,Beijing,57,621c81799357ab95bbecce08
2020-02-04T18:30:00.000Z,32,40,Chongqing,3,621c81799357ab95bbecce09
2020-02-04T18:30:00.000Z,39,37,Fujian,54,621c81799357ab95bbecce0a
2020-02-04T18:30:00.000Z,31,186,Gansu,37,621c81799357ab95bbecce0b
2020-02-04T18:30:00.000Z,8,10,Guangdong,33,621c81799357ab95bbecce0c
2020-02-04T18:30:00.000Z,50,45,Guangxi,69,621c81799357ab95bbecce0d
2020-02-04T18:30:00.000Z,26,173,Guizhou,22,621c81799357ab95bbecce0e
2020-02-04T18:30:00.000Z,25,46,Hainan,0,621c81799357ab95bbecce0f
2020-02-04T18:30:00.000Z,41,134,Hebei,35,621c81799357ab95bbecce10
2020-02-04T18:30:00.000Z,17,43,Heilongjiang,32,621c81799357ab95bbecce11
2020-02-04T18:30:00.000Z,7,104,Henan,19,621c81799357ab95bbecce12
2020-02-04T18:30:00.000Z,32,193,Hubei,17,621c81799357ab95bbecce13
2020-02-04T18:30:00.000Z,3,57,Guangdong,18,621c81799357ab95bbecce14
2020-02-04T18:30:00.000Z,27,180,Zhejiang,52,621c81799357ab95bbecce15
2020-02-04T18:30:00.000Z,31,146,Beijing,18,621c81799357ab95bbecce16
2020-02-04T18:30:00.000Z,25,25,Chongqing,37,621c81799357ab95bbecce17
2020-02-04T18:30:00.000Z,30,5,Hunan,62,621c81799357ab95bbecce18
2020-02-04T18:30:00.000Z,44,51,Guangxi,40,621c81799357ab95bbecce19
2020-02-04T18:30:00.000Z,32,37,Shanghai,3,621c81799357ab95bbecce1a
2020-02-04T18:30:00.000Z,9,157,Jiangxi,64,621c81799357ab95bbecce1b
2020-02-04T18:30:00.000Z,42,8,Sichuan,66,621c81799357ab95bbecce1c
2020-02-04T18:30:00.000Z,47,135,Shandong,36,621c81799357ab95bbecce1d
2020-02-04T18:30:00.000Z,8,98,Anhui,5,621c81799357ab95bbecce1e
2020-02-04T18:30:00.000Z,46,141,Fujian,58,621c81799357ab95bbecce1f
2020-02-04T18:30:00.000Z,34,25,Henan,57,621c81799357ab95bbecce20
2020-02-04T18:30:00.000Z,42,65,Jiangsu,52,621c81799357ab95bbecce21
2020-02-04T18:30:00.000Z,31,124,Hainan,37,621c81799357ab95bbecce22
2020-02-04T18:30:00.000Z,2,197,Tianjin,61,621c81799357ab95bbecce23
2020-02-04T18:30:00.000Z,2,2,Yunnan,34,621c81799357ab95bbecce24
2020-02-04T18:30:00.000Z,32,200,Shaanxi,61,621c81799357ab95bbecce25
2020-02-05T18:30:00.000Z,5,150,Heilongjiang,70,621c81799357ab95bbecce26
2020-02-05T18:30:00.000Z,41,23,Liaoning,60,621c81799357ab95bbecce27
2020-02-05T18:30:00.000Z,38,26,Guizhou,9,621c81799357ab95bbecce28
2020-02-05T18:30:00.000Z,41,126,Jilin,33,621c81799357ab95bbecce29
2020-02-05T18:30:00.000Z,16,49,Anhui,44,621c81799357ab95bbecce2a
2020-02-05T18:30:00.000Z,46,196,Beijing,32,621c81799357ab95bbecce2b
2020-02-05T18:30:00.000Z,42,116,Chongqing,52,621c81799357ab95bbecce2c
2020-02-05T18:30:00.000Z,25,125,Fujian,7,621c81799357ab95bbecce2d
2020-02-05T18:30:00.000Z,14,103,Gansu,61,621c81799357ab95bbecce2e
2020-02-05T18:30:00.000Z,47,81,Guangdong,55,621c81799357ab95bbecce2f
2020-02-05T18:30:00.000Z,24,128,Guangxi,31,621c81799357ab95bbecce30
2020-02-05T18:30:00.000Z,18,55,Guizhou,2,621c81799357ab95bbecce31
2020-02-05T18:30:00.000Z,8,164,Hainan,53,621c81799357ab95bbecce32
2020-02-05T18:30:00.000Z,43,166,Hebei,48,621c81799357ab95bbecce33
2020-02-05T18:30:00.000Z,28,177,Heilongjiang,66,621c81799357ab95bbecce34
2020-02-05T18:30:00.000Z,34,198,Henan,44,621c81799357ab95bbecce35
2020-02-05T18:30:00.000Z,28,191,Hubei,53,621c81799357ab95bbecce36
2020-02-05T18:30:00.000Z,49,2,Hunan,69,621c81799357ab95bbecce37
2020-02-05T18:30:00.000Z,19,78,Inner Mongolia,57,621c81799357ab95bbecce38
2020-02-05T18:30:00.000Z,6,76,Jiangsu,59,621c81799357ab95bbecce39
2020-02-05T18:30:00.000Z,36,98,Jiangxi,43,621c81799357ab95bbecce3a
2020-02-05T18:30:00.000Z,13,127,Jilin,45,621c81799357ab95bbecce3b
2020-02-05T18:30:00.000Z,4,16,Liaoning,4,621c81799357ab95bbecce3c
2020-02-05T18:30:00.000Z,4,186,Ningxia,27,621c81799357ab95bbecce3d
2020-02-05T18:30:00.000Z,45,171,Qinghai,57,621c81799357ab95bbecce3e
2020-02-05T18:30:00.000Z,9,4,Shaanxi,60,621c81799357ab95bbecce3f
2020-02-05T18:30:00.000Z,47,119,Shandong,19,621c81799357ab95bbecce40
2020-02-05T18:30:00.000Z,35,2,Shanghai,30,621c81799357ab95bbecce41
2020-02-05T18:30:00.000Z,22,22,Shanxi,73,621c81799357ab95bbecce42
2020-02-05T18:30:00.000Z,45,101,Sichuan,19,621c81799357ab95bbecce43
2020-02-05T18:30:00.000Z,17,142,Anhui,46,621c81799357ab95bbecce44
2020-02-05T18:30:00.000Z,15,98,Beijing,64,621c81799357ab95bbecce45
2020-02-05T18:30:00.000Z,47,98,Chongqing,14,621c81799357ab95bbecce46
2020-02-05T18:30:00.000Z,32,57,Fujian,68,621c81799357ab95bbecce47
2020-02-05T18:30:00.000Z,32,48,Gansu,60,621c81799357ab95bbecce48
2020-02-05T18:30:00.000Z,39,80,Guangdong,6,621c81799357ab95bbecce49
2020-02-05T18:30:00.000Z,21,45,Guangxi,30,621c81799357ab95bbecce4a
2020-02-05T18:30:00.000Z,45,80,Guizhou,75,621c81799357ab95bbecce4b
2020-02-05T18:30:00.000Z,29,89,Hainan,61,621c81799357ab95bbecce4c
2020-02-05T18:30:00.000Z,38,55,Hebei,68,621c81799357ab95bbecce4d
2020-02-05T18:30:00.000Z,46,176,Heilongjiang,68,621c81799357ab95bbecce4e
2020-02-05T18:30:00.000Z,25,180,Henan,52,621c81799357ab95bbecce4f
2020-02-05T18:30:00.000Z,24,170,Hubei,29,621c81799357ab95bbecce50
2020-02-05T18:30:00.000Z,30,153,Guangdong,43,621c81799357ab95bbecce51
2020-02-05T18:30:00.000Z,39,122,Zhejiang,25,621c81799357ab95bbecce52
2020-02-05T18:30:00.000Z,6,94,Beijing,23,621c81799357ab95bbecce53
2020-02-05T18:30:00.000Z,5,199,Chongqing,47,621c81799357ab95bbecce54
2020-02-05T18:30:00.000Z,32,102,Hunan,35,621c81799357ab95bbecce55
2020-02-05T18:30:00.000Z,38,114,Guangxi,48,621c81799357ab95bbecce56
2020-02-05T18:30:00.000Z,16,2,Shanghai,12,621c81799357ab95bbecce57
2020-02-05T18:30:00.000Z,4,198,Jiangxi,26,621c81799357ab95bbecce58
2020-02-05T18:30:00.000Z,35,46,Sichuan,59,621c81799357ab95bbecce59
2020-02-05T18:30:00.000Z,3,34,Shandong,1,621c81799357ab95bbecce5a
2020-02-05T18:30:00.000Z,8,165,Anhui,34,621c81799357ab95bbecce5b
2020-02-05T18:30:00.000Z,33,118,Fujian,66,621c81799357ab95bbecce5c
2020-02-05T18:30:00.000Z,13,101,Henan,55,621c81799357ab95bbecce5d
2020-02-05T18:30:00.000Z,13,142,Jiangsu,35,621c81799357ab95bbecce5e
2020-02-05T18:30:00.000Z,50,21,Hainan,35,621c81799357ab95bbecce5f
2020-02-05T18:30:00.000Z,18,126,Tianjin,34,621c81799357ab95bbecce60
2020-02-05T18:30:00.000Z,17,49,Yunnan,42,621c81799357ab95bbecce61
2020-02-05T18:30:00.000Z,49,103,Shaanxi,44,621c81799357ab95bbecce62
2020-02-05T18:30:00.000Z,48,139,Heilongjiang,53,621c81799357ab95bbecce63
2020-02-05T18:30:00.000Z,44,20,Liaoning,7,621c81799357ab95bbecce64
2020-02-05T18:30:00.000Z,31,73,Guizhou,21,621c81799357ab95bbecce65
2020-02-05T18:30:00.000Z,22,3,Jilin,16,621c81799357ab95bbecce66
2020-02-05T18:30:00.000Z,40,70,Shanghai,58,621c81799357ab95bbecce67
2020-02-05T18:30:00.000Z,34,188,Henan,59,621c81799357ab95bbecce68
2020-02-05T18:30:00.000Z,20,192,Sichuan,3,621c81799357ab95bbecce69
2020-02-05T18:30:00.000Z,46,29,Shandong,12,621c81799357ab95bbecce6a
2020-02-05T18:30:00.000Z,45,182,Guangxi,28,621c81799357ab95bbecce6b
2020-02-05T18:30:00.000Z,49,49,Hainan,64,621c81799357ab95bbecce6c
2020-02-06T18:30:00.000Z,46,65,Jiangxi,38,621c81799357ab95bbecce6d
2020-02-06T18:30:00.000Z,40,130,Fujian,56,621c81799357ab95bbecce6e
2020-02-06T18:30:00.000Z,1,134,Jiangsu,60,621c81799357ab95bbecce6f
2020-02-06T18:30:00.000Z,26,94,Liaoning,74,621c81799357ab95bbecce70
2020-02-06T18:30:00.000Z,48,13,Shaanxi,18,621c81799357ab95bbecce71
2020-02-06T18:30:00.000Z,49,69,Yunnan,73,621c81799357ab95bbecce72
2020-02-06T18:30:00.000Z,24,29,Tianjin,38,621c81799357ab95bbecce73
2020-02-06T18:30:00.000Z,44,146,Heilongjiang,27,621c81799357ab95bbecce74
2020-02-06T18:30:00.000Z,44,20,Hebei,8,621c81799357ab95bbecce75
2020-02-06T18:30:00.000Z,32,55,Inner Mongolia,66,621c81799357ab95bbecce76
2020-02-06T18:30:00.000Z,11,72,Shanxi,51,621c81799357ab95bbecce77
2020-02-06T18:30:00.000Z,35,140,Shanghai,41,621c81799357ab95bbecce78
2020-02-06T18:30:00.000Z,12,105,Henan,24,621c81799357ab95bbecce79
2020-02-06T18:30:00.000Z,17,9,Sichuan,25,621c81799357ab95bbecce7a
2020-02-06T18:30:00.000Z,2,132,Shandong,54,621c81799357ab95bbecce7b
2020-02-06T18:30:00.000Z,3,7,Guangxi,44,621c81799357ab95bbecce7c
2020-02-06T18:30:00.000Z,13,127,Hainan,39,621c81799357ab95bbecce7d
2020-02-06T18:30:00.000Z,35,60,Jiangxi,22,621c81799357ab95bbecce7e
2020-02-06T18:30:00.000Z,5,33,Fujian,33,621c81799357ab95bbecce7f
2020-02-06T18:30:00.000Z,46,27,Jiangsu,27,621c81799357ab95bbecce80
2020-02-06T18:30:00.000Z,38,156,Liaoning,71,621c81799357ab95bbecce81
2020-02-06T18:30:00.000Z,29,76,Shaanxi,15,621c81799357ab95bbecce82
2020-02-06T18:30:00.000Z,36,192,Yunnan,33,621c81799357ab95bbecce83
2020-02-06T18:30:00.000Z,10,20,Tianjin,13,621c81799357ab95bbecce84
2020-02-06T18:30:00.000Z,8,8,Heilongjiang,50,621c81799357ab95bbecce85
2020-02-06T18:30:00.000Z,43,97,Hebei,15,621c81799357ab95bbecce86
2020-02-06T18:30:00.000Z,19,63,Inner Mongolia,45,621c81799357ab95bbecce87
2020-02-06T18:30:00.000Z,0,187,Shanxi,65,621c81799357ab95bbecce88
2020-02-06T18:30:00.000Z,9,95,Anhui,56,621c81799357ab95bbecce89
2020-02-06T18:30:00.000Z,48,18,Beijing,43,621c81799357ab95bbecce8a
2020-02-06T18:30:00.000Z,18,54,Chongqing,71,621c81799357ab95bbecce8b
2020-02-06T18:30:00.000Z,10,55,Fujian,55,621c81799357ab95bbecce8c
2020-02-06T18:30:00.000Z,34,24,Gansu,1,621c81799357ab95bbecce8d
2020-02-06T18:30:00.000Z,48,191,Guangdong,30,621c81799357ab95bbecce8e
2020-02-06T18:30:00.000Z,23,150,Guangxi,70,621c81799357ab95bbecce8f
2020-02-06T18:30:00.000Z,34,177,Guizhou,70,621c81799357ab95bbecce90
2020-02-06T18:30:00.000Z,16,96,Hainan,9,621c81799357ab95bbecce91
2020-02-06T18:30:00.000Z,39,162,Hebei,52,621c81799357ab95bbecce92
2020-02-06T18:30:00.000Z,1,136,Heilongjiang,19,621c81799357ab95bbecce93
2020-02-06T18:30:00.000Z,19,170,Henan,7,621c81799357ab95bbecce94
2020-02-06T18:30:00.000Z,35,195,Hubei,59,621c81799357ab95bbecce95
2020-02-06T18:30:00.000Z,7,163,Hunan,47,621c81799357ab95bbecce96
2020-02-06T18:30:00.000Z,38,46,Inner Mongolia,61,621c81799357ab95bbecce97
2020-02-06T18:30:00.000Z,4,48,Jiangsu,21,621c81799357ab95bbecce98
2020-02-06T18:30:00.000Z,37,199,Jiangxi,17,621c81799357ab95bbecce99
2020-02-06T18:30:00.000Z,32,169,Jilin,13,621c81799357ab95bbecce9a
2020-02-06T18:30:00.000Z,32,44,Liaoning,62,621c81799357ab95bbecce9b
2020-02-06T18:30:00.000Z,14,14,Ningxia,42,621c81799357ab95bbecce9c
2020-02-06T18:30:00.000Z,28,37,Qinghai,14,621c81799357ab95bbecce9d
2020-02-06T18:30:00.000Z,25,70,Shaanxi,21,621c81799357ab95bbecce9e
2020-02-06T18:30:00.000Z,23,163,Shandong,59,621c81799357ab95bbecce9f
2020-02-06T18:30:00.000Z,6,37,Shanghai,25,621c81799357ab95bbeccea0
2020-02-06T18:30:00.000Z,44,88,Shanxi,10,621c81799357ab95bbeccea1
2020-02-06T18:30:00.000Z,28,194,Sichuan,58,621c81799357ab95bbeccea2
2020-02-06T18:30:00.000Z,31,55,Anhui,12,621c81799357ab95bbeccea3
2020-02-06T18:30:00.000Z,12,136,Beijing,24,621c81799357ab95bbeccea4
2020-02-06T18:30:00.000Z,10,110,Chongqing,71,621c81799357ab95bbeccea5
2020-02-06T18:30:00.000Z,18,3,Fujian,53,621c81799357ab95bbeccea6
2020-02-06T18:30:00.000Z,34,97,Gansu,34,621c81799357ab95bbeccea7
2020-02-06T18:30:00.000Z,27,88,Guangdong,43,621c81799357ab95bbeccea8
2020-02-06T18:30:00.000Z,29,162,Guangxi,58,621c81799357ab95bbeccea9
2020-02-06T18:30:00.000Z,45,66,Guizhou,3,621c81799357ab95bbecceaa
2020-02-06T18:30:00.000Z,14,25,Hainan,38,621c81799357ab95bbecceab
2020-02-06T18:30:00.000Z,13,103,Hebei,47,621c81799357ab95bbecceac
2020-02-06T18:30:00.000Z,1,106,Heilongjiang,15,621c81799357ab95bbeccead
2020-02-06T18:30:00.000Z,11,117,Henan,7,621c81799357ab95bbecceae
2020-02-06T18:30:00.000Z,19,153,Hubei,64,621c81799357ab95bbecceaf
2020-02-06T18:30:00.000Z,42,114,Guangdong,65,621c81799357ab95bbecceb0
2020-02-06T18:30:00.000Z,8,13,Zhejiang,9,621c81799357ab95bbecceb1
2020-02-06T18:30:00.000Z,42,141,Beijing,3,621c81799357ab95bbecceb2
2020-02-06T18:30:00.000Z,10,124,Chongqing,7,621c81799357ab95bbecceb3
2020-02-06T18:30:00.000Z,5,107,Hunan,9,621c81799357ab95bbecceb4
2020-02-07T18:30:00.000Z,30,168,Guangxi,5,621c81799357ab95bbecceb5
2020-02-07T18:30:00.000Z,45,119,Shanghai,30,621c81799357ab95bbecceb6
2020-02-07T18:30:00.000Z,19,57,Jiangxi,69,621c81799357ab95bbecceb7
2020-02-07T18:30:00.000Z,25,96,Sichuan,64,621c81799357ab95bbecceb8
2020-02-07T18:30:00.000Z,1,59,Shandong,4,621c81799357ab95bbecceb9
2020-02-07T18:30:00.000Z,38,44,Anhui,26,621c81799357ab95bbecceba
2020-02-07T18:30:00.000Z,2,101,Fujian,50,621c81799357ab95bbeccebb
2020-02-07T18:30:00.000Z,10,136,Henan,73,621c81799357ab95bbeccebc
2020-02-07T18:30:00.000Z,30,76,Jiangsu,21,621c81799357ab95bbeccebd
2020-02-07T18:30:00.000Z,36,94,Hainan,55,621c81799357ab95bbeccebe
2020-02-07T18:30:00.000Z,0,140,Tianjin,52,621c81799357ab95bbeccebf
2020-02-07T18:30:00.000Z,9,8,Yunnan,5,621c81799357ab95bbeccec0
2020-02-07T18:30:00.000Z,12,12,Shaanxi,75,621c81799357ab95bbeccec1
2020-02-07T18:30:00.000Z,41,70,Heilongjiang,30,621c81799357ab95bbeccec2
2020-02-07T18:30:00.000Z,48,16,Liaoning,43,621c81799357ab95bbeccec3
2020-02-07T18:30:00.000Z,33,146,Guizhou,59,621c81799357ab95bbeccec4
2020-02-07T18:30:00.000Z,17,2,Jilin,48,621c81799357ab95bbeccec5
2020-02-07T18:30:00.000Z,6,56,Anhui,9,621c81799357ab95bbeccec6
2020-02-07T18:30:00.000Z,11,173,Beijing,37,621c81799357ab95bbeccec7
2020-02-07T18:30:00.000Z,8,116,Chongqing,42,621c81799357ab95bbeccec8
2020-02-07T18:30:00.000Z,47,132,Fujian,4,621c81799357ab95bbeccec9
2020-02-07T18:30:00.000Z,48,22,Gansu,24,621c81799357ab95bbecceca
2020-01-21T18:30:00.000Z,16,198,Anhui,29,621fcef180e8f9f5e79df669